xs,ys_bottom,ys_top,num_points,putty_depth
"[0, 0.1, 0.2, 0.30000000000000004, 0.4, 0.5, 0.6000000000000001, 0.7000000000000001, 0.8, 0.9, 1]","[0, 0.012828217238733983, 0.011271781949816342, 0.027293534584797847, 0.01056054221812706, 0.004821285929841625, 0.0028523066446929667, 0.004388900835264143, 0.019771730483776593, 0.022484727164803122, 0]","[0.3, 0.27077136684158504, 0.2799445081144596, 0.2935384034940046, 0.2801354585636546, 0.2740770636307199, 0.2988346720158798, 0.2760328748545947, 0.29473387376113713, 0.2706038548887951, 0.3]",10,0.03
"[0, 0.1, 0.2, 0.30000000000000004, 0.4, 0.5, 0.6000000000000001, 0.7000000000000001, 0.8, 0.9, 1]","[0, 0.012463068982525837, 0.0052045652532723054, 0.027667755385440043, 0.0023458971599873858, 0.02643407297355346, 0.027273565121448275, 0.004243849811223393, 0.025304522698087764, 0.021768024039440725, 0]","[0.3, 0.2811558343005668, 0.2835896678762205, 0.28742656077450085, 0.2754789453228162, 0.298491388594956, 0.27892900517796604, 0.278504466509239, 0.27284895125887526, 0.2995919214185588, 0.3]",10,0.03
"[0, 0.1, 0.2, 0.30000000000000004, 0.4, 0.5, 0.6000000000000001, 0.7000000000000001, 0.8, 0.9, 1]","[0, 0.024989204738761473, 0.027488668385223722, 0.012151658847189082, 0.013496293010067644, 0.0032813290818732963, 0.0146463318580683, 0.015708193441241438, 0.013123485845180553, 0.009404554565725184, 0]","[0.3, 0.28685917099745833, 0.28057001000055004, 0.2964813080007157, 0.273589599818564, 0.27177004725566767, 0.27137025916158203, 0.2718660737082642, 0.2929379502087006, 0.29642241677683023, 0.3]",10,0.03
"[0, 0.1, 0.2, 0.30000000000000004, 0.4, 0.5, 0.6000000000000001, 0.7000000000000001, 0.8, 0.9, 1]","[0, 0.018612642900686593, 0.012161787491670968, 0.022508808481718854, 0.0077782522963071215, 0.0261016766333805, 0.017441988225787654, 0.028332103445665988, 0.0073743588127708854, 0.009071073227234636, 0]","[0.3, 0.29739103530590416, 0.27843365209403387, 0.27016206648110747, 0.27588113255702834, 0.27374791509056345, 0.29043770153480586, 0.28723965608537055, 0.28656582183882495, 0.29774767225413484, 0.3]",10,0.03
"[0, 0.1, 0.2, 0.30000000000000004, 0.4, 0.5, 0.6000000000000001, 0.7000000000000001, 0.8, 0.9, 1]","[0, 0.0092801137368963, 0.029807768195094193, 0.02402726643577, 0.021662454505251172, 0.013784925607315581, 0.024532454374968683, 0.026156863942515773, 0.0016592055954471774, 0.013076039928679044, 0]","[0.3, 0.2990041843453758, 0.2865964525786986, 0.2969990470361063, 0.27555736508973483, 0.292802200766238, 0.2920921699507176, 0.27211213456284394, 0.282981912767589, 0.27123132362035296, 0.3]",10,0.03
"[0, 0.1, 0.2, 0.30000000000000004, 0.4, 0.5, 0.6000000000000001, 0.7000000000000001, 0.8, 0.9, 1]","[0, 0.029389781316428092, 0.019106419261368916, 0.02122660320276928, 0.02423593320649575, 0.00916835346113935, 0.009557798514502969, 0.02080372996185208, 0.003589305867390786, 0.015436139436543499, 0]","[0.3, 0.2914494910325217, 0.2808890246811337, 0.2845440800922995, 0.2725737287593771, 0.29946517039535964, 0.28819754576781725, 0.293075111600491, 0.28152318529188497, 0.27326682401428853, 0.3]",10,0.03
"[0, 0.1, 0.2, 0.30000000000000004, 0.4, 0.5, 0.6000000000000001, 0.7000000000000001, 0.8, 0.9, 1]","[0, 0.022428614138727432, 0.020426818815557354, 0.026561579326268216, 0.0012184547431293247, 0.02215357553686554, 0.014413088118785243, 0.007645327443689729, 0.027123496929128472, 0.009017616058655085, 0]","[0.3, 0.28058415570666256, 0.2892536242469213, 0.2810524914804703, 0.27089095589781953, 0.29598455018614483, 0.2938654626095182, 0.2997243262657173, 0.27469151701798306, 0.2755218379551537, 0.3]",10,0.03
"[0, 0.1, 0.2, 0.30000000000000004, 0.4, 0.5, 0.6000000000000001, 0.7000000000000001, 0.8, 0.9, 1]","[0, 0.0007726181695555057, 0.02245131687867699, 0.028801823392019452, 0.0027909801957230304, 0.008877154253475385, 0.019224803114855218, 0.018158319892012994, 0.01726814384970106, 0.011032014727010831, 0]","[0.3, 0.2747063633856734, 0.29201842920992155, 0.2770637219160945, 0.2753179003904352, 0.28894009212723615, 0.2898090754942192, 0.29360081158380075, 0.2773140452926783, 0.27232055735209293, 0.3]",10,0.03
"[0, 0.1, 0.2, 0.30000000000000004, 0.4, 0.5, 0.6000000000000001, 0.7000000000000001, 0.8, 0.9, 1]","[0, 0.018381836432521798, 0.002717564452783907, 0.029619394256182912, 0.02236457255711246, 0.0025519724286612033, 0.006294021700931234, 0.02543605395611902, 0.0014621310372311246, 0.01096927034639594, 0]","[0.3, 0.2882947937376174, 0.29066458720761423, 0.2836724314395691, 0.27290263413874555, 0.2918054881007005, 0.28083390573675526, 0.2766669254555605, 0.27339543272128464, 0.2779159911016791, 0.3]",10,0.03
"[0, 0.1, 0.2, 0.30000000000000004, 0.4, 0.5, 0.6000000000000001, 0.7000000000000001, 0.8, 0.9, 1]","[0, 0.0038282982333015256, 0.029023514594600366, 0.027233478775352413, 0.021436802610665343, 0.013168645541243128, 0.0035545216574548407, 0.0061611511928399455, 0.027261812007586414, 0.015920287495312366, 0]","[0.3, 0.27449716072174113, 0.29168544268898405, 0.29879755891812926, 0.2860309696804155, 0.2815930861574138, 0.2718756387121738, 0.27576799537796925, 0.2728992088592824, 0.2943932579110504, 0.3]",10,0.03
"[0, 0.1, 0.2, 0.30000000000000004, 0.4, 0.5, 0.6000000000000001, 0.7000000000000001, 0.8, 0.9, 1]","[0, 0.004026645509333825, 0.020818580791042377, 0.02750382434326077, 0.006851447627778768, 0.01449403869414123, 0.008801284434268069, 0.026800592153309693, 0.026718200040356264, 0.01097683408129671, 0]","[0.3, 0.2850787100526273, 0.2933810051837936, 0.2988131340713342, 0.2742103628358533, 0.2917362402980439, 0.29109611073647884, 0.2707820230554634, 0.27162307133479063, 0.27837038426267663, 0.3]",10,0.03
"[0, 0.1, 0.2, 0.30000000000000004, 0.4, 0.5, 0.6000000000000001, 0.7000000000000001, 0.8, 0.9, 1]","[0, 0.015285488954942845, 0.01154570440467771, 0.007748274260200972, 0.024746714818680706, 0.0015670344293530624, 0.027345811471614575, 0.01554798964314729, 0.02031981238095475, 0.028079892593449902, 0]","[0.3, 0.284986609230671, 0.2919341462287536, 0.27056310507646203, 0.2795813602120757, 0.2870432134060228, 0.2972973805564324, 0.29863750605940964, 0.2863596551532423, 0.2725799508748238, 0.3]",10,0.03
"[0, 0.1, 0.2, 0.30000000000000004, 0.4, 0.5, 0.6000000000000001, 0.7000000000000001, 0.8, 0.9, 1]","[0, 0.025097286102102673, 0.028736761826124075, 0.0037292015353069716, 0.029761259714531002, 0.0023647816913896368, 0.009767144468720262, 0.02375515362246754, 0.003849800384434878, 0.0022664079245204092, 0]","[0.3, 0.27135451369737074, 0.2702286392652121, 0.2782073611610187, 0.2773934301408678, 0.2792228050254994, 0.28830355261516366, 0.2949828753453075, 0.2973356597698731, 0.2822292246228845, 0.3]",10,0.03
"[0, 0.1, 0.2, 0.30000000000000004, 0.4, 0.5, 0.6000000000000001, 0.7000000000000001, 0.8, 0.9, 1]","[0, 0.025356234615736006, 0.003343751526931461, 0.0080434181217782, 0.015025192767676282, 0.005078660913365765, 0.028989899899807933, 0.01746225687357275, 0.020620120895388526, 0.022825145288137665, 0]","[0.3, 0.27082110827345934, 0.29699469814915797, 0.2886087098293686, 0.29669234687181967, 0.2716491884449339, 0.29569291827293237, 0.27519987100153437, 0.2748677085708908, 0.29492100893201684, 0.3]",10,0.03
"[0, 0.1, 0.2, 0.30000000000000004, 0.4, 0.5, 0.6000000000000001, 0.7000000000000001, 0.8, 0.9, 1]","[0, 0.0035916264782100324, 0.00835303431460848, 0.029022543105160295, 0.020343750495174916, 0.029674945439965485, 0.0056297983769055295, 0.026811013138700927, 0.021286889580842384, 0.023653132139378218, 0]","[0.3, 0.2715810428595375, 0.2990721737630272, 0.29745020968553404, 0.2782630557210132, 0.28764396423440675, 0.2702660555619983, 0.29408527885945046, 0.2808272979045847, 0.2998591245177905, 0.3]",10,0.03
"[0, 0.1, 0.2, 0.30000000000000004, 0.4, 0.5, 0.6000000000000001, 0.7000000000000001, 0.8, 0.9, 1]","[0, 0.028900947534064317, 0.024749849361963193, 0.023835727122534896, 0.013536440413771384, 0.00729225479220976, 0.014837489318165404, 0.016667802018314568, 0.015760818572559603, 0.010178479799083102, 0]","[0.3, 0.280266336207454, 0.28993832818702603, 0.29051142302118177, 0.2826196700405862, 0.2841167776987129, 0.29430051024305337, 0.29065970788449824, 0.2703340807489073, 0.28247078002825554, 0.3]",10,0.03
"[0, 0.1, 0.2, 0.30000000000000004, 0.4, 0.5, 0.6000000000000001, 0.7000000000000001, 0.8, 0.9, 1]","[0, 0.012090028822942103, 0.0295352855314632, 0.02648293298406947, 0.013328300260751677, 0.00047432455198147093, 0.020435626492486092, 0.02908043252365764, 0.016831036303362294, 0.013928958454244252, 0]","[0.3, 0.2936076810998904, 0.2961307859854597, 0.29567645628912737, 0.2881731463828674, 0.2809922526382811, 0.27645331251093613, 0.2821331161649241, 0.2702745907141264, 0.28239910517651223, 0.3]",10,0.03
"[0, 0.1, 0.2, 0.30000000000000004, 0.4, 0.5, 0.6000000000000001, 0.7000000000000001, 0.8, 0.9, 1]","[0, 0.029794633356899077, 0.0017747700980984182, 0.014124930617213186, 0.019272371004895157, 0.009373849458638266, 0.021596454211932486, 0.003946504258661825, 0.011420831330610353, 0.023748577791214063, 0]","[0.3, 0.27997202336578575, 0.2957760834663598, 0.276567521819381, 0.2957060194350397, 0.28673986193113316, 0.2740173994159021, 0.28735866452430564, 0.29809021021035026, 0.27096851369515473, 0.3]",10,0.03
"[0, 0.1, 0.2, 0.30000000000000004, 0.4, 0.5, 0.6000000000000001, 0.7000000000000001, 0.8, 0.9, 1]","[0, 0.010798481690668818, 0.02176191978052155, 0.01695456239834263, 0.0020063457446326425, 0.019179781309095846, 0.0033835005771485093, 0.005650656516410875, 0.003664441356723278, 0.027824610385437504, 0]","[0.3, 0.2983272043230947, 0.28523758008375205, 0.2730889263829726, 0.27113341091455395, 0.28576196547370913, 0.28207089952778236, 0.27828127206824627, 0.2710938062727592, 0.27561673890333577, 0.3]",10,0.03
"[0, 0.1, 0.2, 0.30000000000000004, 0.4, 0.5, 0.6000000000000001, 0.7000000000000001, 0.8, 0.9, 1]","[0, 0.028557580524670844, 0.016321386428634205, 0.007118085241284506, 0.012707676311134774, 0.022445907393509316, 0.008103341275438415, 0.0034660901595104884, 0.006986743770615443, 0.007517717024512902, 0]","[0.3, 0.2703802911592455, 0.2956277536564257, 0.27605937023260146, 0.27981841590834533, 0.28162258757224673, 0.27389114261770053, 0.28383095008417986, 0.29235816859940933, 0.27923925262886135, 0.3]",10,0.03
"[0, 0.05, 0.1, 0.15000000000000002, 0.2, 0.25, 0.30000000000000004, 0.35000000000000003, 0.4, 0.45, 0.5, 0.55, 0.6000000000000001, 0.65, 0.7000000000000001, 0.75, 0.8, 0.8500000000000001, 0.9, 0.9500000000000001, 1]","[0, 0.01904201139460546, 0.015066746462142786, 0.01136463596702856, 0.029175287186296448, 0.002541773181323782, 0.020764502356844742, 0.01252300947532994, 0.005923873662590583, 0.019436359097268825, 0.015705652303553523, 0.0023151424236136143, 0.005266112106684322, 0.011336270593265385, 0.010652541802805606, 0.028455123659493133, 0.0075667769574947405, 0.003434262853778085, 0.01626123520285821, 0.020465301140569277, 0]","[0.3, 0.27476195958291316, 0.2710338748383959, 0.29851203813674626, 0.2757070581967903, 0.27863854587631603, 0.27044385469587345, 0.2716408939940212, 0.28165398330754765, 0.2973629962469361, 0.2823925019144359, 0.2708126707118296, 0.2725900536908267, 0.2809260595622125, 0.29147837675065597, 0.277008339795641, 0.2993350615096582, 0.2879323190504296, 0.28458341864274567, 0.2951225168347686, 0.3]",20,0.03
"[0, 0.05, 0.1, 0.15000000000000002, 0.2, 0.25, 0.30000000000000004, 0.35000000000000003, 0.4, 0.45, 0.5, 0.55, 0.6000000000000001, 0.65, 0.7000000000000001, 0.75, 0.8, 0.8500000000000001, 0.9, 0.9500000000000001, 1]","[0, 0.01483529704811066, 0.02477960240957382, 0.02584317719709722, 0.0025397164070204434, 0.008842664448994174, 0.020765518434512537, 0.017875682401986292, 0.01177610308597655, 0.017449078117242008, 0.0002370294480866264, 0.028769692580955644, 0.0037164459549124083, 0.0225484032429887, 0.02200847140445524, 0.023177077558629484, 0.0018938950716854274, 0.021038681567145875, 0.022235381077431997, 0.0003098308548899609, 0]","[0.3, 0.29686499941112593, 0.28374497139848154, 0.28118658969810306, 0.2978366024031187, 0.293780624365286, 0.2800965837878956, 0.2843495139123413, 0.2713451890090496, 0.28077420788733487, 0.28333210471350667, 0.2736795973022815, 0.2860271330904497, 0.27543066234450314, 0.28043926815712916, 0.27844398684275823, 0.2958913046654154, 0.27097246448048745, 0.2928617144606466, 0.28475931282764, 0.3]",20,0.03
"[0, 0.05, 0.1, 0.15000000000000002, 0.2, 0.25, 0.30000000000000004, 0.35000000000000003, 0.4, 0.45, 0.5, 0.55, 0.6000000000000001, 0.65, 0.7000000000000001, 0.75, 0.8, 0.8500000000000001, 0.9, 0.9500000000000001, 1]","[0, 0.015426912594986198, 0.01092173038800879, 0.025967609476719507, 0.027635619845278937, 0.024164945436791433, 0.002037846367118865, 0.0295709714264056, 0.019754560477608624, 0.019299200668502235, 0.002212473717379516, 0.013710330205602642, 0.011025370901870188, 0.006404566890264801, 0.010274074846599248, 0.013103375152870252, 0.005303128143243012, 0.01876075824141777, 0.016668038532993614, 0.0012387865985300916, 0]","[0.3, 0.28496477286491145, 0.2888870562704687, 0.2799297121551732, 0.27538899639523273, 0.2857393201147471, 0.2768810062638067, 0.28216496316890216, 0.28542778620304654, 0.2847917362671414, 0.28742303272660713, 0.28929789165079534, 0.27653301674213926, 0.29045382923907354, 0.2957524212022069, 0.27430184504978794, 0.27778374628445035, 0.27109609671051677, 0.29450462310320596, 0.28461063570580236, 0.3]",20,0.03
"[0, 0.05, 0.1, 0.15000000000000002, 0.2, 0.25, 0.30000000000000004, 0.35000000000000003, 0.4, 0.45, 0.5, 0.55, 0.6000000000000001, 0.65, 0.7000000000000001, 0.75, 0.8, 0.8500000000000001, 0.9, 0.9500000000000001, 1]","[0, 0.001045866494112756, 0.012588987708745251, 0.013752929135970976, 0.0290080624624887, 0.009326945374065079, 0.01835441440873736, 0.012554321219688011, 0.02160929579325662, 0.017887124566914474, 0.017379037160637077, 0.01838833966805171, 0.02256509260497596, 0.008021293439998469, 0.023539574876149837, 0.006392907659646128, 0.020131990864665036, 0.019386814075426972, 0.023393317618340945, 0.02305182130326651, 0]","[0.3, 0.28067126803071935, 0.285701455379108, 0.2943174124531864, 0.27841565709654337, 0.29841277942446176, 0.2923645413085713, 0.28244325675542536, 0.2713532336389221, 0.2797678987015371, 0.2787451899720104, 0.2703340510753724, 0.27846110186721523, 0.2905520133649434, 0.29776192706844057, 0.28470430518370665, 0.28786693548181286, 0.2798094538263875, 0.2931522897379762, 0.2985433052216773, 0.3]",20,0.03
"[0, 0.05, 0.1, 0.15000000000000002, 0.2, 0.25, 0.30000000000000004, 0.35000000000000003, 0.4, 0.45, 0.5, 0.55, 0.6000000000000001, 0.65, 0.7000000000000001, 0.75, 0.8, 0.8500000000000001, 0.9, 0.9500000000000001, 1]","[0, 0.025579164012241643, 0.027787678869455667, 0.0003563725331140377, 0.022264838081450643, 0.005034707123159998, 0.023844074492106352, 0.00482451120441886, 0.0055888594723334005, 0.016371168661847485, 0.00975795128864108, 0.028451242486062133, 0.027852017745072254, 0.023024637037389682, 0.012967783489357166, 3.261166936898152e-05, 0.02168665185136923, 0.0018688655001242104, 0.004194873448117767, 0.013331024775834041, 0]","[0.3, 0.2874461136370602, 0.28358729190172505, 0.282530794425447, 0.27793781814754454, 0.2854006947758382, 0.27129671003007483, 0.299473070631292, 0.28067927817346755, 0.2772896211784449, 0.29881141326742966, 0.27439750978933863, 0.2867681618023752, 0.2729027625231638, 0.27866422933359625, 0.2825664251881435, 0.27206230739765513, 0.2894878230022191, 0.2840896948793527, 0.29567883309970805, 0.3]",20,0.03
"[0, 0.05, 0.1, 0.15000000000000002, 0.2, 0.25, 0.30000000000000004, 0.35000000000000003, 0.4, 0.45, 0.5, 0.55, 0.6000000000000001, 0.65, 0.7000000000000001, 0.75, 0.8, 0.8500000000000001, 0.9, 0.9500000000000001, 1]","[0, 0.014975316998782705, 0.014648981896667555, 0.020605391035237397, 0.028571871883650592, 0.029658876035325278, 0.013110605880125624, 0.02786961774326279, 0.02715724778656101, 0.01048957153197999, 0.0039101423523312685, 0.0024025785876469283, 0.028514471606652936, 0.0006420002557697246, 0.01302522104266923, 0.027693980321550533, 0.011208204070629396, 0.025530065831491998, 0.006190038138992292, 0.02086402953890064, 0]","[0.3, 0.28003991452909943, 0.2703583922996053, 0.2785404965632142, 0.2961602990554124, 0.29372798527849264, 0.2994282733379943, 0.29772783796570124, 0.2830200380541829, 0.28551759157553064, 0.29788755845511405, 0.2764730277109455, 0.2784915647853578, 0.2734192490219745, 0.28963750407674815, 0.2991176244977183, 0.29609544402232657, 0.2801523074464334, 0.29032574596602806, 0.2752747179217569, 0.3]",20,0.03
"[0, 0.05, 0.1, 0.15000000000000002, 0.2, 0.25, 0.30000000000000004, 0.35000000000000003, 0.4, 0.45, 0.5, 0.55, 0.6000000000000001, 0.65, 0.7000000000000001, 0.75, 0.8, 0.8500000000000001, 0.9, 0.9500000000000001, 1]","[0, 0.029800572217656852, 0.00566479177567904, 0.024200588785540874, 0.010985774790841453, 0.01274894146517177, 0.019374624662544776, 0.001677975919083744, 0.025677876016329638, 0.010053326956154605, 0.008899771501784224, 0.027577314194625235, 0.006397412745834992, 0.0025537656406609964, 0.027921243111869627, 0.02851789589928908, 0.025259314822452698, 0.009829256758426476, 0.01431030384483799, 0.013014167973541008, 0]","[0.3, 0.2911585919983718, 0.298112647632382, 0.2932523726645681, 0.2941645504917163, 0.27943165604096765, 0.27646824999657577, 0.271135447811034, 0.27586025605695563, 0.28725913316733054, 0.2770189326599162, 0.2854557534649699, 0.28341526664846306, 0.28975625043984826, 0.2918848818113516, 0.2877143059561169, 0.2722048303465795, 0.27925258862751, 0.2944716176736856, 0.2892450195713159, 0.3]",20,0.03
"[0, 0.05, 0.1, 0.15000000000000002, 0.2, 0.25, 0.30000000000000004, 0.35000000000000003, 0.4, 0.45, 0.5, 0.55, 0.6000000000000001, 0.65, 0.7000000000000001, 0.75, 0.8, 0.8500000000000001, 0.9, 0.9500000000000001, 1]","[0, 0.02190463685452058, 0.00041589928725849765, 0.008443584930855595, 0.027383456360779046, 0.013451128172640837, 0.013602413563610943, 0.012039109449266573, 0.02923461631314195, 0.0277069476138132, 0.0021467787711350692, 0.019375220912202774, 0.022810721227843042, 0.009870877510271757, 0.016952088744885838, 0.011488489908643979, 0.009660150518799173, 0.027011349069581966, 0.02081218097167833, 0.021233811294788872, 0]","[0.3, 0.27189772809351037, 0.2986021463094241, 0.2982755426785652, 0.28204663847350553, 0.2888144508047047, 0.270427975044548, 0.2886554732107037, 0.28847014748787103, 0.2775448064008158, 0.29228188674359146, 0.29788802221015187, 0.28681963335811095, 0.2774389403053944, 0.27359276040952535, 0.2788455986379098, 0.2926303887156563, 0.2933614187739647, 0.283147139206472, 0.290079924805543, 0.3]",20,0.03
"[0, 0.05, 0.1, 0.15000000000000002, 0.2, 0.25, 0.30000000000000004, 0.35000000000000003, 0.4, 0.45, 0.5, 0.55, 0.6000000000000001, 0.65, 0.7000000000000001, 0.75, 0.8, 0.8500000000000001, 0.9, 0.9500000000000001, 1]","[0, 0.029382016784222528, 0.02480572892355762, 0.0009086606499072303, 0.02006456307679089, 0.024733436462092667, 0.02935522203234657, 0.00882896022965069, 0.00359305529758241, 0.02205178191425768, 0.019365786750438315, 0.010063972821389832, 0.028340600886581566, 0.0019035146648648327, 0.014601505533743803, 0.0013008322343632905, 0.022012341048137124, 0.004921112737951825, 0.016419164000164597, 0.015749302546108734, 0]","[0.3, 0.27782574542654614, 0.29560140708765315, 0.2860562224988814, 0.27363567777135706, 0.28507931456284136, 0.2759013394697457, 0.2938993473365187, 0.28523041033596014, 0.27830640951628866, 0.2757030623301331, 0.28269478334522374, 0.286415289024715, 0.2725293211199633, 0.278360276753037, 0.2886507330896745, 0.2969786691709624, 0.29557872558055126, 0.2869015947295019, 0.29798311213237527, 0.3]",20,0.03
"[0, 0.05, 0.1, 0.15000000000000002, 0.2, 0.25, 0.30000000000000004, 0.35000000000000003, 0.4, 0.45, 0.5, 0.55, 0.6000000000000001, 0.65, 0.7000000000000001, 0.75, 0.8, 0.8500000000000001, 0.9, 0.9500000000000001, 1]","[0, 0.0074384639303790336, 0.004941226378407532, 0.028692222875815156, 0.013306735382202188, 0.006248829858663268, 0.0013419154517060993, 0.009441855000315929, 0.028748860486485228, 0.008824516498924366, 0.01387809088727779, 0.019017350134354436, 0.013338469876275355, 0.009032983087999267, 0.0139629772596934, 0.015522739751692901, 0.019264970477792194, 0.028497259402861273, 0.005809640124421303, 0.02998864597901356, 0]","[0.3, 0.2711835571024118, 0.2824843384058451, 0.2737978666944146, 0.277098604725753, 0.270270669937574, 0.28019439227057824, 0.2961439098712384, 0.29517210003763356, 0.2984803573009219, 0.28245348728868513, 0.2768489730948878, 0.2947308549262837, 0.27902912290767046, 0.27935334833048286, 0.2893893234348535, 0.2860636118293403, 0.2965633854840849, 0.27813967168040404, 0.285164274943377, 0.3]",20,0.03
"[0, 0.05, 0.1, 0.15000000000000002, 0.2, 0.25, 0.30000000000000004, 0.35000000000000003, 0.4, 0.45, 0.5, 0.55, 0.6000000000000001, 0.65, 0.7000000000000001, 0.75, 0.8, 0.8500000000000001, 0.9, 0.9500000000000001, 1]","[0, 0.013371226033143665, 0.009003274701509084, 0.0012647834970448701, 0.027936802666318424, 0.0017419404183474563, 0.004581866280385181, 0.02524896374202689, 0.003823037837651414, 0.020056538021807156, 0.010014555417280368, 0.00952264112529505, 0.022736192118305843, 0.020570955033660722, 0.00830011494369653, 0.00047814176479003763, 0.02474936962555533, 0.026864382925642572, 0.026756987935315363, 0.025146536388021966, 0]","[0.3, 0.2840738424140642, 0.29598601866942537, 0.2821466619803817, 0.2718215941706832, 0.27780722243195066, 0.284750417980752, 0.2968375828753617, 0.27690176112375303, 0.28225009180260585, 0.29174946454266276, 0.28361677980626543, 0.2713619426740328, 0.29646933134448683, 0.2739361012404713, 0.2965863576790647, 0.27644248017072304, 0.27739625541232515, 0.27453325305479126, 0.2986679096376099, 0.3]",20,0.03
"[0, 0.05, 0.1, 0.15000000000000002, 0.2, 0.25, 0.30000000000000004, 0.35000000000000003, 0.4, 0.45, 0.5, 0.55, 0.6000000000000001, 0.65, 0.7000000000000001, 0.75, 0.8, 0.8500000000000001, 0.9, 0.9500000000000001, 1]","[0, 0.00900833990759901, 0.020617530354321956, 0.013554466242572375, 0.028659392071171658, 0.003784362770759635, 0.00018448294652829487, 0.012283079831334365, 0.012697861089912197, 0.008135967331531133, 0.013386124696870656, 0.026430741207537772, 0.017547696710665184, 0.020984975641121846, 0.0023300236969785457, 0.027612098825254967, 0.02417068252732979, 0.02527815055275132, 0.003759215663220554, 0.0073782752764429, 0]","[0.3, 0.2741781138185966, 0.29934079980902745, 0.27889230034279194, 0.2835610367059905, 0.2866110145409616, 0.27819826413179083, 0.27408354448702305, 0.2860550148883265, 0.2912172150534266, 0.2930703462385424, 0.29089193322745366, 0.27061990020014837, 0.2833156221702128, 0.2763176653846039, 0.28053942334019044, 0.27683924000648347, 0.298701210103844, 0.2731338452734729, 0.2892550435090405, 0.3]",20,0.03
"[0, 0.05, 0.1, 0.15000000000000002, 0.2, 0.25, 0.30000000000000004, 0.35000000000000003, 0.4, 0.45, 0.5, 0.55, 0.6000000000000001, 0.65, 0.7000000000000001, 0.75, 0.8, 0.8500000000000001, 0.9, 0.9500000000000001, 1]","[0, 0.0233016504061682, 0.01891570043311317, 0.02817105942010616, 0.009636475247599328, 0.009932061101150297, 0.019090201689069365, 0.025703190554573496, 0.01643268139308771, 0.00401558271391207, 0.01957457364585707, 0.0016182639161535528, 0.010738895381758156, 0.01285110152974631, 0.0041107295265961595, 0.029896161423672022, 0.018428697195854528, 0.02191726627639042, 0.0030015016181636454, 0.003068830474291504, 0]","[0.3, 0.2722744398063378, 0.28734979420548107, 0.29864026811093003, 0.2740358474219544, 0.27646775849566124, 0.29946247978062474, 0.2723290119098144, 0.27848164435395084, 0.2814752406700132, 0.28632176164893997, 0.29234150450223123, 0.2722163869324896, 0.27743090997044356, 0.29102565516556933, 0.2910362787360242, 0.2829720388390067, 0.29818336926513456, 0.2764000170450342, 0.2886447642368581, 0.3]",20,0.03
"[0, 0.05, 0.1, 0.15000000000000002, 0.2, 0.25, 0.30000000000000004, 0.35000000000000003, 0.4, 0.45, 0.5, 0.55, 0.6000000000000001, 0.65, 0.7000000000000001, 0.75, 0.8, 0.8500000000000001, 0.9, 0.9500000000000001, 1]","[0, 0.01450630826838135, 0.009283189308895743, 0.002189744053645941, 0.01951750480989653, 0.02836899184058711, 0.028858740929021253, 0.024397502163203043, 0.004292814796676256, 0.006170789028464714, 0.01760730343433786, 0.0007897664505878066, 0.01964193611952816, 0.022911445394892017, 0.02902090179270234, 0.0006894233426973917, 0.008971027431803497, 0.0012825624155998173, 0.021785439299464714, 0.012333196371698852, 0]","[0.3, 0.2835300059116636, 0.27827208777818824, 0.2896219811312155, 0.2744190047451833, 0.2816896692386668, 0.28192115052955097, 0.27210990386061545, 0.27655601273581654, 0.28989965304597304, 0.2861215130274184, 0.29422747892569345, 0.29612411292857344, 0.29110711044060533, 0.2710011662737934, 0.27795888276755276, 0.27153340317833685, 0.2755509561564601, 0.2929904650694989, 0.28907350615639954, 0.3]",20,0.03
"[0, 0.05, 0.1, 0.15000000000000002, 0.2, 0.25, 0.30000000000000004, 0.35000000000000003, 0.4, 0.45, 0.5, 0.55, 0.6000000000000001, 0.65, 0.7000000000000001, 0.75, 0.8, 0.8500000000000001, 0.9, 0.9500000000000001, 1]","[0, 0.010810129164610122, 0.003038031307269845, 0.026039582192723724, 0.009706896935797115, 0.02845397887979049, 0.009006268925226338, 0.024618306657717495, 0.0031101112643284277, 0.029614026159277638, 0.02812056160073804, 0.021233664382249145, 0.005911942329166579, 0.006859923532974615, 0.017638103650436294, 0.018288397568481267, 0.004067576107471747, 0.025965352766334104, 0.02449850451415639, 0.005937472881273931, 0]","[0.3, 0.2801805124972285, 0.28720055933923866, 0.29667831930225175, 0.28078929498157484, 0.29811769371717256, 0.2929482400320549, 0.27603071817170494, 0.27774417310467414, 0.29764133914639074, 0.2720731340424052, 0.2755306675809103, 0.284133523852912, 0.2889379652138522, 0.27360555101171896, 0.28572929102161915, 0.2857154441037975, 0.291331732671014, 0.2995841275485091, 0.27478988319811715, 0.3]",20,0.03
"[0, 0.05, 0.1, 0.15000000000000002, 0.2, 0.25, 0.30000000000000004, 0.35000000000000003, 0.4, 0.45, 0.5, 0.55, 0.6000000000000001, 0.65, 0.7000000000000001, 0.75, 0.8, 0.8500000000000001, 0.9, 0.9500000000000001, 1]","[0, 0.013297246647412428, 0.020060474998163748, 0.022420770351137438, 0.007070448843495678, 0.00018547908706532888, 0.002235260619274605, 0.029350542382938855, 0.007670409423806376, 0.019051046099331784, 0.020902804478315298, 0.02498068430158472, 0.024404005790012, 0.004631786837842048, 0.016780447302598974, 0.021667854003431276, 0.0043910373377514, 0.028978119389341774, 0.02209845638120096, 0.013771217577773822, 0]","[0.3, 0.27632604821362206, 0.2855895503548165, 0.29824397429805777, 0.27089889621007285, 0.29363048179270507, 0.29533603437589045, 0.2975141640052471, 0.29006335496396096, 0.27576257452196684, 0.293176058016625, 0.2925673390104334, 0.2994234022538137, 0.27187908283760387, 0.2702165977033392, 0.2718685421989089, 0.2877637732078953, 0.2876058782679922, 0.27490680412444357, 0.283149081562518, 0.3]",20,0.03
"[0, 0.05, 0.1, 0.15000000000000002, 0.2, 0.25, 0.30000000000000004, 0.35000000000000003, 0.4, 0.45, 0.5, 0.55, 0.6000000000000001, 0.65, 0.7000000000000001, 0.75, 0.8, 0.8500000000000001, 0.9, 0.9500000000000001, 1]","[0, 0.016804294339841146, 0.0017045572410157993, 0.0294364227451424, 0.02391143608139505, 0.028496416679170224, 0.02471974264366161, 0.009407331299911264, 0.016551588238370402, 0.0220439350997163, 0.01424993839075108, 0.0067539729255883365, 0.009343186470519646, 0.00957694621497226, 0.017745271543701882, 0.010874895469531014, 0.01767181107779544, 0.009385542410231672, 0.00015267727256661589, 0.01989597827841869, 0]","[0.3, 0.2938794557505734, 0.2865928343865013, 0.2730601844962666, 0.291149358081317, 0.2721544410601163, 0.28387028261121083, 0.2944304005671858, 0.29764543028581253, 0.29128967794846194, 0.2782815796595333, 0.2835530257481296, 0.2806603099990648, 0.27807547746029204, 0.27630072290607577, 0.2724344451121167, 0.29114188211591174, 0.2890960093214935, 0.29696299384994707, 0.2789033460386071, 0.3]",20,0.03
"[0, 0.05, 0.1, 0.15000000000000002, 0.2, 0.25, 0.30000000000000004, 0.35000000000000003, 0.4, 0.45, 0.5, 0.55, 0.6000000000000001, 0.65, 0.7000000000000001, 0.75, 0.8, 0.8500000000000001, 0.9, 0.9500000000000001, 1]","[0, 0.009371792723333883, 0.01976291454236868, 0.015898187569077887, 0.021118509834156644, 0.009329942297030385, 0.016596788503125084, 0.026581892233102783, 0.028341033133592073, 0.019437030218831638, 0.02004943627376516, 0.004870707954289189, 0.010169214888656727, 0.01477318263227585, 0.021085939150601328, 0.007235480821164293, 0.023462890786345503, 0.024711356243380667, 0.01904347397279391, 0.014645305751315877, 0]","[0.3, 0.2853482666288922, 0.28637650903215406, 0.2922788436026751, 0.27050114720695767, 0.27117780284284115, 0.28840124099543024, 0.2951051735000616, 0.2889191721732286, 0.28805783945827096, 0.27180412441212515, 0.2935771573555213, 0.28798307213458385, 0.297829128789916, 0.2854458582305141, 0.28869684840882714, 0.27846717557686673, 0.2723204604499345, 0.2962640987270515, 0.2929361561354064, 0.3]",20,0.03
"[0, 0.05, 0.1, 0.15000000000000002, 0.2, 0.25, 0.30000000000000004, 0.35000000000000003, 0.4, 0.45, 0.5, 0.55, 0.6000000000000001, 0.65, 0.7000000000000001, 0.75, 0.8, 0.8500000000000001, 0.9, 0.9500000000000001, 1]","[0, 0.02185987572056983, 0.027617150296162327, 0.006803407070933425, 0.00048539870994428354, 0.014014520914128118, 0.014498605813874771, 0.012863607435533348, 0.008806737807771744, 0.004188526135289258, 0.020411602672744243, 0.019322967439466425, 0.012840011930496834, 0.028033791663697055, 0.013098456766094982, 0.026572580450965534, 0.012611107271020083, 0.017896676264520534, 0.025472426823182456, 0.01875430071280081, 0]","[0.3, 0.27277955446137914, 0.2711647584454004, 0.28502761503453156, 0.2997379347507177, 0.2825195826462485, 0.27324333109971893, 0.2806363023466087, 0.2965098256059853, 0.2946237726002589, 0.2769819024929582, 0.2760728952102192, 0.29704389673077286, 0.29500658309449984, 0.27263374871837365, 0.2851504933081824, 0.2879754004643494, 0.2743763054120908, 0.29926337247793827, 0.2917744011644413, 0.3]",20,0.03
"[0, 0.05, 0.1, 0.15000000000000002, 0.2, 0.25, 0.30000000000000004, 0.35000000000000003, 0.4, 0.45, 0.5, 0.55, 0.6000000000000001, 0.65, 0.7000000000000001, 0.75, 0.8, 0.8500000000000001, 0.9, 0.9500000000000001, 1]","[0, 0.012819704837960586, 0.005127862080046986, 0.02485853874579876, 0.015844771764057873, 0.011741708682039342, 0.012532092106657027, 0.015103549639395619, 0.026427056015892465, 0.013908819601525235, 0.005508983962313078, 0.025287201665263093, 0.01160201288078102, 0.005115032662652872, 0.02717442106672328, 0.014081408812059359, 0.01618296338200616, 0.004003042060133661, 0.02545515727359032, 0.003436358957643477, 0]","[0.3, 0.2821340460446059, 0.2887948897589094, 0.27708495366936675, 0.27219546302399206, 0.282402776721699, 0.2984926441921382, 0.2774318697731765, 0.28988075579105166, 0.2828641749139122, 0.28414368701694637, 0.27039076730103995, 0.2966175297777122, 0.2894060290543621, 0.28114070207985575, 0.27056939481537917, 0.2758292648750969, 0.28500049717720205, 0.29505809423131696, 0.28865984757471497, 0.3]",20,0.03
"[0, 0.1, 0.2, 0.30000000000000004, 0.4, 0.5, 0.6000000000000001, 0.7000000000000001, 0.8, 0.9, 1]","[0, 0.0037258333825427002, 0.008373030893487919, 0.03863270044416304, 0.020735044998449848, 0.00964370051630584, 0.019680285836620254, 0.0025927895875574782, 0.011096132271879937, 0.017013209386853613, 0]","[0.3, 0.29436108105808856, 0.29977935119962973, 0.2608370807732212, 0.26133694860348095, 0.27695672196943305, 0.2993256887201145, 0.28262044731860075, 0.27155761032724346, 0.29074515684433244, 0.3]",10,0.04
"[0, 0.1, 0.2, 0.30000000000000004, 0.4, 0.5, 0.6000000000000001, 0.7000000000000001, 0.8, 0.9, 1]","[0, 0.0012580006212176142, 0.004277844273025711, 0.008403699262543491, 0.03319690537349772, 0.011629335873837255, 0.0021891559734830814, 0.03486878561489983, 0.03900990007804995, 0.0031229773570846577, 0]","[0.3, 0.2690266547175964, 0.2936085488351303, 0.2635727962520699, 0.2820487774847849, 0.2683873643013861, 0.29657067900314565, 0.2934272734868429, 0.29537526312704354, 0.28640147623924406, 0.3]",10,0.04
"[0, 0.1, 0.2, 0.30000000000000004, 0.4, 0.5, 0.6000000000000001, 0.7000000000000001, 0.8, 0.9, 1]","[0, 0.003558525937083261, 0.028862754648944104, 0.012684683049442884, 0.00023807123630879446, 0.02002181922544121, 0.03820518511772022, 0.0016244768834705336, 0.00660588340310663, 0.02334972267864004, 0]","[0.3, 0.2869029710853726, 0.2833631557940222, 0.29825276318590893, 0.29497624340658657, 0.29169754204343845, 0.26065871316263495, 0.27358775200134483, 0.27793918439897636, 0.27375603440952384, 0.3]",10,0.04
"[0, 0.1, 0.2, 0.30000000000000004, 0.4, 0.5, 0.6000000000000001, 0.7000000000000001, 0.8, 0.9, 1]","[0, 0.015093655597436629, 0.011005538320181007, 0.025532229751009078, 0.03644709526923902, 0.012705020756246577, 0.00664880510822417, 0.004006366069419145, 0.013318818395397716, 0.004519495217386038, 0]","[0.3, 0.28971233470779795, 0.28628944682624025, 0.2865890704314091, 0.2637832911923876, 0.2866990090182763, 0.28933853129154985, 0.2732577830112828, 0.2665127215689315, 0.28801506255249576, 0.3]",10,0.04
"[0, 0.1, 0.2, 0.30000000000000004, 0.4, 0.5, 0.6000000000000001, 0.7000000000000001, 0.8, 0.9, 1]","[0, 0.031212366513611634, 0.0003655218084293077, 0.0040257705248622115, 0.017920772922139557, 0.03894934217981622, 0.0051776127816987524, 0.0013937129053859865, 0.0031763004401923257, 0.0016507009300095144, 0]","[0.3, 0.29118797835835397, 0.288020488605307, 0.29847091084190325, 0.2637020382631154, 0.28795151742030173, 0.2774825520632555, 0.28767790598663723, 0.2626902623835308, 0.2607213567750421, 0.3]",10,0.04
"[0, 0.1, 0.2, 0.30000000000000004, 0.4, 0.5, 0.6000000000000001, 0.7000000000000001, 0.8, 0.9, 1]","[0, 0.004977678997370787, 0.03931145051776647, 0.00892071321527514, 0.0009505542079936369, 0.030242366649589025, 0.004084499988810695, 0.002028225238604109, 0.0038864812700925054, 0.010582578614339675, 0]","[0.3, 0.26142583186402435, 0.29885364317361873, 0.2942950460213368, 0.2840485960283819, 0.26935542819543695, 0.26601739289546966, 0.2742139706511731, 0.2704733213022243, 0.293680459900896, 0.3]",10,0.04
"[0, 0.1, 0.2, 0.30000000000000004, 0.4, 0.5, 0.6000000000000001, 0.7000000000000001, 0.8, 0.9, 1]","[0, 0.00635971151558914, 0.024328546993844027, 0.03694527282074797, 0.02369334831317474, 0.01389284299722087, 0.014308687327666294, 0.018469656322185148, 0.009193761312305964, 0.008718336001446848, 0]","[0.3, 0.2733849475237619, 0.2996045452003767, 0.2651861957436938, 0.2778569925076243, 0.29418773262578923, 0.29985489232592005, 0.29874547506258037, 0.2606039510565301, 0.29166569743996373, 0.3]",10,0.04
"[0, 0.1, 0.2, 0.30000000000000004, 0.4, 0.5, 0.6000000000000001, 0.7000000000000001, 0.8, 0.9, 1]","[0, 0.0016485235232629192, 0.016338361414310398, 0.0010291966562272093, 0.004383734452768744, 0.005583885743509676, 0.006352389872454514, 0.02712120482973317, 0.03966623622854057, 0.02929446991075289, 0]","[0.3, 0.2600897243392761, 0.28218658829786575, 0.2923224709006871, 0.2735932040990525, 0.28747833113958876, 0.2967865849451946, 0.295729263611342, 0.29775070933132397, 0.2654673547300296, 0.3]",10,0.04
"[0, 0.1, 0.2, 0.30000000000000004, 0.4, 0.5, 0.6000000000000001, 0.7000000000000001, 0.8, 0.9, 1]","[0, 0.0037400132233865735, 0.012470363181927744, 0.0028281256611151573, 0.03924102396217329, 0.004931894082898336, 0.0013661732556374418, 0.0028165481605035713, 0.0376201967757274, 0.018560346057149433, 0]","[0.3, 0.27393470109286644, 0.27753392164767715, 0.270001891222064, 0.2616099576696123, 0.2984437440664341, 0.28883369478927057, 0.2968390256156975, 0.26377330122915527, 0.2888989187732165, 0.3]",10,0.04
"[0, 0.1, 0.2, 0.30000000000000004, 0.4, 0.5, 0.6000000000000001, 0.7000000000000001, 0.8, 0.9, 1]","[0, 0.005867900335659449, 0.039825196232202945, 0.0029202721210110382, 0.03294976836986712, 0.007281785273898325, 0.012323555362491861, 0.0207902450966438, 0.019656152647803817, 0.027449603621134286, 0]","[0.3, 0.28853252696864856, 0.2679114369346981, 0.28686000117528965, 0.27860590342592706, 0.2958716759993801, 0.29526080058029563, 0.2870756628535071, 0.2615516672472536, 0.29741631235279065, 0.3]",10,0.04
"[0, 0.1, 0.2, 0.30000000000000004, 0.4, 0.5, 0.6000000000000001, 0.7000000000000001, 0.8, 0.9, 1]","[0, 0.022032943126567547, 0.03603300820183055, 0.002451581823864455, 0.027947893544129784, 0.010746128117078065, 0.027934752317008264, 0.004674386263640553, 0.037527211710954696, 0.00457487550945126, 0]","[0.3, 0.2829529235359407, 0.29665794946040436, 0.29423620742455314, 0.27628620405757626, 0.263262588480009, 0.2854756669294372, 0.29053550865672334, 0.2944411133553808, 0.29105182990906525, 0.3]",10,0.04
"[0, 0.1, 0.2, 0.30000000000000004, 0.4, 0.5, 0.6000000000000001, 0.7000000000000001, 0.8, 0.9, 1]","[0, 0.012798717190482431, 0.004938462900516339, 0.0029201625253128327, 0.037754415034785195, 0.0026801528369055075, 0.025888301379185, 0.026902088576386415, 0.02396971457807485, 0.004342031948610883, 0]","[0.3, 0.29332743144348505, 0.2691041545853636, 0.2940267574721894, 0.2915609429733072, 0.28771927675161596, 0.27205962619773794, 0.2608417106768899, 0.2968782341385341, 0.2811254454238986, 0.3]",10,0.04
"[0, 0.1, 0.2, 0.30000000000000004, 0.4, 0.5, 0.6000000000000001, 0.7000000000000001, 0.8, 0.9, 1]","[0, 0.006679583568741729, 0.0003315694089304655, 0.03655186819063127, 0.02462978601919839, 0.00123066376655681, 0.03179732399719068, 0.014905525578087487, 0.0037673253480846915, 0.013509696508421296, 0]","[0.3, 0.29064212171426, 0.2959484989976104, 0.28704210037272065, 0.2800529066080493, 0.28824347218031215, 0.26206971750742286, 0.2970352964322005, 0.2612096157050527, 0.2805735994953798, 0.3]",10,0.04
"[0, 0.1, 0.2, 0.30000000000000004, 0.4, 0.5, 0.6000000000000001, 0.7000000000000001, 0.8, 0.9, 1]","[0, 0.02549353587332001, 0.0019248994134533647, 0.037068875803978815, 0.024085903563426752, 0.02187570647887692, 0.008398796929735797, 0.025643572439977582, 0.02692302217630398, 0.007797689598597147, 0]","[0.3, 0.28884423126503517, 0.2617435757251074, 0.2806233418850899, 0.28940149611056676, 0.2892353450148228, 0.29501394119460184, 0.2921715475433941, 0.2923588876707406, 0.29728929946929145, 0.3]",10,0.04
"[0, 0.1, 0.2, 0.30000000000000004, 0.4, 0.5, 0.6000000000000001, 0.7000000000000001, 0.8, 0.9, 1]","[0, 0.016875748177847375, 0.009009136549070207, 0.014775258916700392, 0.015463807817284332, 0.009009718578642408, 0.015627950788752988, 0.022226004585530396, 0.002398458848079401, 0.038313411419413905, 0]","[0.3, 0.29511576766332476, 0.2878881085736894, 0.263410520712931, 0.275612270704848, 0.29139790295753926, 0.2851433251243899, 0.27703178882548274, 0.28993862565667966, 0.2981786930977396, 0.3]",10,0.04
"[0, 0.1, 0.2, 0.30000000000000004, 0.4, 0.5, 0.6000000000000001, 0.7000000000000001, 0.8, 0.9, 1]","[0, 0.005865544251327535, 0.014010649163400406, 0.005297807787657507, 0.0074079241201640625, 0.011301290936680313, 0.0017440495342585783, 0.028574311375755137, 0.0006686752614516189, 0.039602412337006315, 0]","[0.3, 0.29764017868584836, 0.26354127798012345, 0.2938866009343347, 0.28041900739382813, 0.27192854393946325, 0.2749857857929568, 0.2793630797379672, 0.2677898415757288, 0.2880040593037089, 0.3]",10,0.04
"[0, 0.1, 0.2, 0.30000000000000004, 0.4, 0.5, 0.6000000000000001, 0.7000000000000001, 0.8, 0.9, 1]","[0, 0.006991232450946465, 0.020052294833819886, 0.005440165017916608, 0.010775545765985259, 0.030045959007314733, 0.0015482645067400424, 0.03721014763778608, 0.021082088749240908, 0.023908991409684336, 0]","[0.3, 0.28032057532800625, 0.2942256610909416, 0.2962023823833095, 0.28720761406275874, 0.2611788372671717, 0.29196976830758864, 0.2820603532434862, 0.2692541688721387, 0.2976912372936628, 0.3]",10,0.04
"[0, 0.1, 0.2, 0.30000000000000004, 0.4, 0.5, 0.6000000000000001, 0.7000000000000001, 0.8, 0.9, 1]","[0, 0.006398914652989798, 0.03966057584063275, 0.008359857969699975, 0.03135012434303905, 0.03181903987408867, 0.0028467727509782527, 0.016203250395576886, 0.013801950173561749, 0.01793441591690519, 0]","[0.3, 0.295658018056313, 0.27781129297063084, 0.2840617821872788, 0.2914837369837076, 0.2870822477823899, 0.29348204982142784, 0.2865046862918799, 0.2952276482515025, 0.26245380973819155, 0.3]",10,0.04
"[0, 0.1, 0.2, 0.30000000000000004, 0.4, 0.5, 0.6000000000000001, 0.7000000000000001, 0.8, 0.9, 1]","[0, 0.012999881918441867, 0.001463466616912803, 0.01601954592262367, 0.02765740388205276, 0.029647869457157805, 0.011442390544286965, 0.0018841217442034396, 0.03734255065667934, 0.0002941586703496446, 0]","[0.3, 0.284486105528644, 0.27814711437185996, 0.2950863054261576, 0.28688337755374643, 0.29285850147267506, 0.2639549767808051, 0.27617816161322356, 0.28442545608231445, 0.2810705029945121, 0.3]",10,0.04
"[0, 0.1, 0.2, 0.30000000000000004, 0.4, 0.5, 0.6000000000000001, 0.7000000000000001, 0.8, 0.9, 1]","[0, 0.004496248490901515, 0.031682254585042646, 0.009433568506592055, 0.0025100162962658867, 0.027251466069589884, 0.03620650768801424, 0.017991743748754313, 0.0012489391390315063, 0.027154467440980302, 0]","[0.3, 0.2961475563491083, 0.283879128477162, 0.2606362931729472, 0.2662244257461802, 0.29854633012717163, 0.28869936065484464, 0.29211383986340755, 0.28751725400109973, 0.2920227342609265, 0.3]",10,0.04
"[0, 0.05, 0.1, 0.15000000000000002, 0.2, 0.25, 0.30000000000000004, 0.35000000000000003, 0.4, 0.45, 0.5, 0.55, 0.6000000000000001, 0.65, 0.7000000000000001, 0.75, 0.8, 0.8500000000000001, 0.9, 0.9500000000000001, 1]","[0, 0.021604427223568652, 0.0033297573840170938, 0.00043076089457188437, 0.0045877367464628935, 0.03874780095527586, 0.004049337048630321, 0.016182368108769305, 0.018360463272254515, 0.013260125837842125, 0.025527719392854233, 0.006978127947422217, 0.0034200190021600684, 0.005793273008399571, 6.080884923362451e-05, 0.01051422989199252, 0.028150893764250007, 0.004276332031284413, 0.03628173653836629, 0.003346662605741275, 0]","[0.3, 0.2603022462077451, 0.2857449772621339, 0.2927587214805565, 0.28719971805246336, 0.2940554718084314, 0.2651162063917443, 0.29832445709958366, 0.29293524839041934, 0.29746975001505727, 0.2836409780617483, 0.2976339076778148, 0.2631458998338803, 0.28007332207458047, 0.26470440506129755, 0.29982986891182134, 0.2664255818661213, 0.26231641921773646, 0.2737297069724971, 0.28463895143479556, 0.3]",20,0.04
"[0, 0.05, 0.1, 0.15000000000000002, 0.2, 0.25, 0.30000000000000004, 0.35000000000000003, 0.4, 0.45, 0.5, 0.55, 0.6000000000000001, 0.65, 0.7000000000000001, 0.75, 0.8, 0.8500000000000001, 0.9, 0.9500000000000001, 1]","[0, 0.006868551277087342, 0.01556858463229799, 0.013095896061394746, 0.0091887271334855, 0.008952432086385414, 0.016841968610074077, 0.009588880850225774, 0.02809639763101853, 0.03245930844656704, 0.01982263653868758, 0.007100072214181137, 0.03033840485934304, 0.013119222185228426, 0.039412780356719336, 0.012239200575393978, 0.004297238663562149, 0.019007603895836195, 0.0321674816828219, 0.011823341433140113, 0]","[0.3, 0.2973846821876282, 0.2944980214083585, 0.28689926328239146, 0.29851186277710756, 0.271748956916315, 0.2636498925959174, 0.2891359231428005, 0.2905276471692802, 0.2937369797120714, 0.27226602072604383, 0.2948790240806158, 0.2918333060924953, 0.29586358193401363, 0.2835800528985105, 0.2874940314740774, 0.26431372637483924, 0.2985510078179687, 0.28054459475019405, 0.27228858303332376, 0.3]",20,0.04
"[0, 0.05, 0.1, 0.15000000000000002, 0.2, 0.25, 0.30000000000000004, 0.35000000000000003, 0.4, 0.45, 0.5, 0.55, 0.6000000000000001, 0.65, 0.7000000000000001, 0.75, 0.8, 0.8500000000000001, 0.9, 0.9500000000000001, 1]","[0, 0.004451567676361563, 0.036313312124936006, 0.012539451299118373, 0.017371897380670735, 0.03373112577014872, 0.004758005824054243, 0.019793448949458635, 0.03564812699607512, 0.00433721855066798, 0.0035870948930077384, 0.0011278750738724776, 0.015730124350277777, 0.030912579667726012, 0.03407982266301882, 0.006627357021557416, 0.001995942837268925, 0.01521550224037231, 0.0032994964120114066, 0.0046633313145001895, 0]","[0.3, 0.28417853744954047, 0.2983480969393688, 0.2894727638454181, 0.2893603483512063, 0.26265998753337566, 0.2620271750498889, 0.26439093858194374, 0.2988095122916265, 0.29493295067318054, 0.26648030393223276, 0.2725130949730008, 0.295629195710847, 0.2967574641001575, 0.2979705663015923, 0.29546928180264953, 0.2685675045587153, 0.27746759755306083, 0.2926336378780178, 0.2880477132880073, 0.3]",20,0.04
"[0, 0.05, 0.1, 0.15000000000000002, 0.2, 0.25, 0.30000000000000004, 0.35000000000000003, 0.4, 0.45, 0.5, 0.55, 0.6000000000000001, 0.65, 0.7000000000000001, 0.75, 0.8, 0.8500000000000001, 0.9, 0.9500000000000001, 1]","[0, 0.007976875179928209, 0.013307181810362096, 0.017222578133829717, 0.006362743405720259, 0.0018723849596283505, 0.009198924761829966, 0.0006796487318656252, 0.0009975540754455637, 0.03570863377143344, 0.030900086741402318, 0.01322257575257221, 0.02304000707449115, 0.03904526457764096, 0.009383431788529841, 0.03832010136176986, 0.030145472106813884, 0.010941256526779224, 0.005819411005808637, 0.024436167114527802, 0]","[0.3, 0.28601901638960225, 0.2916043262700287, 0.29967271228830455, 0.29298765085984646, 0.28558533059766883, 0.29706248453368767, 0.2968953945731915, 0.2823805873718712, 0.278898863431576, 0.26829293006551547, 0.271952547771295, 0.26742678747648874, 0.29950326751776607, 0.2770927098703089, 0.2948556019766282, 0.2604219764098677, 0.2913324710733337, 0.2910099780939636, 0.2907248666667116, 0.3]",20,0.04
"[0, 0.05, 0.1, 0.15000000000000002, 0.2, 0.25, 0.30000000000000004, 0.35000000000000003, 0.4, 0.45, 0.5, 0.55, 0.6000000000000001, 0.65, 0.7000000000000001, 0.75, 0.8, 0.8500000000000001, 0.9, 0.9500000000000001, 1]","[0, 0.0008407617492085074, 0.012722759648077515, 0.006060126225221154, 0.02174908284186075, 0.0014886436515040558, 0.007005995358788244, 0.015869952459897002, 0.02565705629569806, 0.029398919169923498, 0.03268905288232762, 0.00379272421215938, 0.02246374726458015, 0.03072225632510367, 0.0004908203239588849, 0.015387487464999726, 0.0023451438693904737, 0.031161360916921246, 0.039137182345433875, 0.007922942042442278, 0]","[0.3, 0.27324804846232686, 0.27659118150910045, 0.29277897388956187, 0.29774823160646513, 0.2688661015701948, 0.26204587955809644, 0.2729858672467295, 0.2904449680237552, 0.28461433325468066, 0.28847536420305153, 0.2784415846302132, 0.2995472641219082, 0.2963713741635205, 0.2869370266987081, 0.26113272533657794, 0.2864419830470325, 0.2946265443438258, 0.2993427724589821, 0.29872324765088476, 0.3]",20,0.04
"[0, 0.05, 0.1, 0.15000000000000002, 0.2, 0.25, 0.30000000000000004, 0.35000000000000003, 0.4, 0.45, 0.5, 0.55, 0.6000000000000001, 0.65, 0.7000000000000001, 0.75, 0.8, 0.8500000000000001, 0.9, 0.9500000000000001, 1]","[0, 0.008174734743838586, 0.0030998251178767024, 0.017520298657934603, 0.006868142777317985, 0.000854914267051643, 0.004907921180786854, 0.016056749577431237, 0.03628118250453781, 0.009730128753558031, 0.013201217910876945, 0.03882065948829919, 0.005754559149259588, 0.013827335082937035, 0.02325635181761406, 0.020655539435180455, 0.010014781492108221, 0.0036689590578330568, 0.009591920789870444, 0.00536156663082283, 0]","[0.3, 0.2681165115042311, 0.286114229241182, 0.2738969996539887, 0.28284367244999886, 0.29821819669192073, 0.26800466668177714, 0.2791551340193797, 0.29852029175138955, 0.260626727388542, 0.2776314626063758, 0.29229854404991945, 0.2774537391027387, 0.2605092840175234, 0.29713266210600825, 0.28207743172484245, 0.2986108989194539, 0.2917720215038973, 0.2944626564515104, 0.28139735567941493, 0.3]",20,0.04
"[0, 0.05, 0.1, 0.15000000000000002, 0.2, 0.25, 0.30000000000000004, 0.35000000000000003, 0.4, 0.45, 0.5, 0.55, 0.6000000000000001, 0.65, 0.7000000000000001, 0.75, 0.8, 0.8500000000000001, 0.9, 0.9500000000000001, 1]","[0, 0.0016537307141809344, 0.024720584811463355, 8.435420926523384e-05, 0.019550515416542923, 0.026814125826561477, 0.03512715175060453, 0.014791063233042544, 0.0018782719487025546, 0.016745385565038767, 0.039442330733104464, 0.0307034165123576, 0.01212826827547839, 0.019607139471320152, 0.025691362531185046, 0.003937710744250244, 0.004669393442206111, 0.031462627544204334, 0.020616499481296204, 0.013373839189233539, 0]","[0.3, 0.29977962662911345, 0.29722234096737504, 0.29838861348895646, 0.27521983356126944, 0.2621059769562951, 0.2710286351460181, 0.29022093512526986, 0.2953562518315639, 0.2999697920658116, 0.2849994623386358, 0.2786604050223186, 0.2909957349921566, 0.2899909877065128, 0.2790204586819882, 0.28428519349543196, 0.27056857342645424, 0.28671692458809866, 0.2948044873909243, 0.2932740099481961, 0.3]",20,0.04
"[0, 0.05, 0.1, 0.15000000000000002, 0.2, 0.25, 0.30000000000000004, 0.35000000000000003, 0.4, 0.45, 0.5, 0.55, 0.6000000000000001, 0.65, 0.7000000000000001, 0.75, 0.8, 0.8500000000000001, 0.9, 0.9500000000000001, 1]","[0, 0.0380754896223536, 0.031325553101724676, 0.00595769171627325, 0.01950618321105099, 0.00019117564221629468, 0.03531819907102961, 0.004381441414580727, 0.025729229704208562, 0.0033363251271175363, 0.016410421035878274, 0.0023999755299698266, 0.010458852923278542, 0.004935687317921089, 0.009456876166980934, 0.00046467000121560355, 0.01289296898857859, 0.03930536123172347, 0.027303696960186797, 0.01124601635906489, 0]","[0.3, 0.29831256825555347, 0.28457470078037006, 0.2911783198914005, 0.28900798590036514, 0.29717052252610254, 0.2836248411111001, 0.2751759377363509, 0.29226881958329864, 0.2606150377621861, 0.2699373709485129, 0.2794108727041163, 0.2675489554741373, 0.27117139190783657, 0.2676912508689303, 0.29850589109555276, 0.2955305854527362, 0.2882091094621089, 0.29926230870154613, 0.29414803081288926, 0.3]",20,0.04
"[0, 0.05, 0.1, 0.15000000000000002, 0.2, 0.25, 0.30000000000000004, 0.35000000000000003, 0.4, 0.45, 0.5, 0.55, 0.6000000000000001, 0.65, 0.7000000000000001, 0.75, 0.8, 0.8500000000000001, 0.9, 0.9500000000000001, 1]","[0, 0.01711859183315299, 0.013593980393963472, 0.013876537085195283, 0.009587675486695132, 0.004916245146572398, 0.012753630106739262, 0.023399287775065454, 0.02097083637749615, 0.02990871441644786, 0.008287466353122355, 0.03417660935662253, 0.007527025267542396, 0.0037003803484252007, 0.008642542895486379, 0.01957297228428474, 0.00654768079550486, 0.03802774856426247, 0.027923093143944904, 0.000721102030626124, 0]","[0.3, 0.2636935658409303, 0.2847475607512473, 0.29818800004810053, 0.29144687849597767, 0.27719101390120726, 0.28298290090284706, 0.27215250019361875, 0.281000864408419, 0.29664297790073235, 0.2729741729222068, 0.28142954948723653, 0.297115508083995, 0.2967327305230227, 0.278477332937905, 0.29450872301272646, 0.28563128519523484, 0.2807679729682989, 0.2707349632873646, 0.29553506138678665, 0.3]",20,0.04
"[0, 0.05, 0.1, 0.15000000000000002, 0.2, 0.25, 0.30000000000000004, 0.35000000000000003, 0.4, 0.45, 0.5, 0.55, 0.6000000000000001, 0.65, 0.7000000000000001, 0.75, 0.8, 0.8500000000000001, 0.9, 0.9500000000000001, 1]","[0, 0.018918391562572464, 0.018332656553890745, 0.015974682095781612, 0.008859057761682854, 0.02288460614081719, 0.0049985356839941765, 0.003922483718343983, 0.02348619066977261, 0.005797108739249755, 0.011757914289260239, 0.03260670870146232, 0.0032111212361627573, 0.028467490311850488, 0.008589389568622962, 0.008083169253096378, 0.00983050648785723, 0.002521802109951854, 0.03940787736504822, 0.00025229564293401287, 0]","[0.3, 0.2974878736024409, 0.283731227972114, 0.2916271519629076, 0.29995325210992657, 0.27882199850634304, 0.2848963882985536, 0.2878772979578866, 0.2953656151258197, 0.2717314669905128, 0.2771087380049725, 0.29015911622238555, 0.29428773482750825, 0.26858973013749926, 0.2616173819070264, 0.2766897813380908, 0.28015963829491947, 0.2735331203673254, 0.29426906396273045, 0.26372603955114393, 0.3]",20,0.04
"[0, 0.05, 0.1, 0.15000000000000002, 0.2, 0.25, 0.30000000000000004, 0.35000000000000003, 0.4, 0.45, 0.5, 0.55, 0.6000000000000001, 0.65, 0.7000000000000001, 0.75, 0.8, 0.8500000000000001, 0.9, 0.9500000000000001, 1]","[0, 0.010315602324316475, 0.009377985413573526, 0.023733017736538957, 0.003686902398423748, 0.01970332226770547, 0.001755692661522361, 0.00037895141885374795, 0.0013614512671083735, 0.017206177184684437, 0.0016083727233639333, 0.005016973516906802, 0.03840327502759692, 0.005202839108945243, 0.003631650099635886, 0.011873136772791724, 0.0029149089203440548, 0.035392699678569874, 0.032965519083094516, 0.022456288909267458, 0]","[0.3, 0.27937245426265367, 0.263890741209969, 0.2857829840263309, 0.2652597409818932, 0.26671475674542944, 0.276957565263569, 0.2921224405267442, 0.2678628867766461, 0.2788965797911761, 0.29720085245711747, 0.29968032318755056, 0.2986607841605879, 0.2881633327793754, 0.2707270969628226, 0.28823345245280657, 0.29621002310899874, 0.2698760968470264, 0.2731839793869579, 0.2896860243407301, 0.3]",20,0.04
"[0, 0.05, 0.1, 0.15000000000000002, 0.2, 0.25, 0.30000000000000004, 0.35000000000000003, 0.4, 0.45, 0.5, 0.55, 0.6000000000000001, 0.65, 0.7000000000000001, 0.75, 0.8, 0.8500000000000001, 0.9, 0.9500000000000001, 1]","[0, 0.012317950707028182, 0.009079212147546976, 0.0016799092842609698, 0.008410543248400125, 0.034261279254552475, 0.03338115497294543, 0.02947337844858533, 0.02326184862059818, 0.007366991077755998, 0.03940566430399128, 0.0007865688289011263, 0.005771628407798399, 0.010375751105076039, 0.010523357137443883, 0.027922689127261435, 0.007272505949685062, 0.003737883865877234, 0.008226472432288131, 0.005720866673154261, 0]","[0.3, 0.28710198945041726, 0.26123752912684245, 0.27647461226785625, 0.27648480248368346, 0.26549724630774385, 0.2981240619595622, 0.28833760339780623, 0.2978858327974848, 0.283516992128332, 0.28112870966889014, 0.27644008001353865, 0.29474283697626247, 0.29698957917541163, 0.26788749521427146, 0.2861318948166437, 0.2959162948204559, 0.29609254458159695, 0.29013031315676385, 0.2656137676511603, 0.3]",20,0.04
"[0, 0.05, 0.1, 0.15000000000000002, 0.2, 0.25, 0.30000000000000004, 0.35000000000000003, 0.4, 0.45, 0.5, 0.55, 0.6000000000000001, 0.65, 0.7000000000000001, 0.75, 0.8, 0.8500000000000001, 0.9, 0.9500000000000001, 1]","[0, 0.009723192970720463, 0.02704593915157029, 0.03794789965589584, 0.014245431164169257, 0.010609057286974252, 0.0011368104250835565, 0.03709325141262072, 0.020845399197622235, 0.0012524837122716104, 0.0027045261938716657, 0.012776730728941846, 0.0005279933547036553, 0.02435454969458647, 0.023348953892427683, 0.012966697543974842, 0.028548208348580035, 0.009637643076241225, 0.02986247629991301, 0.007700117259624966, 0]","[0.3, 0.2985181014875201, 0.29747488171493136, 0.2731812423732293, 0.29591462140584907, 0.29430816167868973, 0.27608806067682207, 0.26556414184707705, 0.29608797680883925, 0.27811045531109085, 0.2616248414410181, 0.2841794450442504, 0.29366408575372305, 0.29421431042516094, 0.28867813425394184, 0.28072053798307883, 0.28382414755609187, 0.27607205552619385, 0.2847446674738763, 0.2897466887086419, 0.3]",20,0.04
"[0, 0.05, 0.1, 0.15000000000000002, 0.2, 0.25, 0.30000000000000004, 0.35000000000000003, 0.4, 0.45, 0.5, 0.55, 0.6000000000000001, 0.65, 0.7000000000000001, 0.75, 0.8, 0.8500000000000001, 0.9, 0.9500000000000001, 1]","[0, 0.012668170639890746, 0.02417031637183402, 0.01844987755796937, 0.03382918967006242, 0.002892509142063675, 0.018928223707572824, 0.019989300961563518, 0.00433542189692937, 0.01925096201385472, 0.01686701849982717, 0.03780128924990245, 0.038712388008593786, 0.000956249416915953, 0.007454191482992041, 0.01040253878924191, 0.007799527498025522, 0.014802902417714755, 0.005207101369682708, 0.0359152147262611, 0]","[0.3, 0.2964426678641425, 0.26987134174921174, 0.27233810810335946, 0.2931754828120719, 0.2838378520720171, 0.27618403641864575, 0.27760126005494573, 0.2976403329332448, 0.2887475359062346, 0.29919331426218654, 0.29853147939205676, 0.27786684826546, 0.28681750668182054, 0.29540362210590915, 0.2765176659571809, 0.2610609512344504, 0.29795365286883446, 0.29993576843303094, 0.2925041368821595, 0.3]",20,0.04
"[0, 0.05, 0.1, 0.15000000000000002, 0.2, 0.25, 0.30000000000000004, 0.35000000000000003, 0.4, 0.45, 0.5, 0.55, 0.6000000000000001, 0.65, 0.7000000000000001, 0.75, 0.8, 0.8500000000000001, 0.9, 0.9500000000000001, 1]","[0, 0.012359368784009122, 1.3390573822511521e-05, 0.003264562534353015, 0.006928211085177391, 0.018943371392769564, 0.038656652211393465, 0.03675160117586172, 0.014070263149942114, 0.001269454000890713, 0.019842250698081987, 0.018142547980433212, 0.002196563151975135, 0.02455020099883451, 0.009439591297865056, 0.029402612974086657, 0.03826464829452137, 0.013510498268194358, 0.004785253014586144, 0.020030865880363975, 0]","[0.3, 0.29380779649218985, 0.2683530170576297, 0.29408817414000143, 0.2714414374492866, 0.28761404142879426, 0.26360828199690356, 0.2789346218564984, 0.28166157459841973, 0.2982292513886828, 0.2698587408433702, 0.2998342098381538, 0.2969733894899586, 0.2907539845259262, 0.28930178319820177, 0.27542440755464426, 0.2841901514623787, 0.29244862089357043, 0.28861628900706393, 0.2935817994444108, 0.3]",20,0.04
"[0, 0.05, 0.1, 0.15000000000000002, 0.2, 0.25, 0.30000000000000004, 0.35000000000000003, 0.4, 0.45, 0.5, 0.55, 0.6000000000000001, 0.65, 0.7000000000000001, 0.75, 0.8, 0.8500000000000001, 0.9, 0.9500000000000001, 1]","[0, 0.0030344884516777973, 0.022689837815415465, 0.021164017238114438, 0.009757961622503477, 0.02173446315640653, 0.008184399369079727, 0.0022660297226609985, 0.022823045624796638, 0.02071638050198863, 0.017685308613865698, 0.027799197498165864, 0.00995944159228654, 0.010506889175999939, 0.00931004316287277, 0.001951978485729664, 0.017476742724248588, 0.038029151215866634, 0.0023613793446626554, 0.0031227011016843197, 0]","[0.3, 0.29676599613095495, 0.26942419286356895, 0.2819984611292826, 0.2790636829986291, 0.27723049209939904, 0.2800934034698756, 0.29643561842590427, 0.2740657606492442, 0.28100670273664874, 0.26250350855205357, 0.27772902433018304, 0.2932606510462381, 0.2992436639238376, 0.27763369739296495, 0.2966108044873434, 0.27883054522594114, 0.2825022060761577, 0.29594036254583456, 0.2738182916053566, 0.3]",20,0.04
"[0, 0.05, 0.1, 0.15000000000000002, 0.2, 0.25, 0.30000000000000004, 0.35000000000000003, 0.4, 0.45, 0.5, 0.55, 0.6000000000000001, 0.65, 0.7000000000000001, 0.75, 0.8, 0.8500000000000001, 0.9, 0.9500000000000001, 1]","[0, 0.020615217379000177, 0.006902952406285183, 0.02147363826118319, 0.016320109871205017, 0.022926087919180018, 0.02684685056742829, 0.02646503987026809, 0.03186056910501709, 0.001270515082649073, 0.030527260385524144, 0.00908311292627932, 0.008705708941431084, 0.006582289839871671, 0.033699801730487866, 0.000583936240072176, 0.008745149949726638, 0.0017663153101346563, 0.03775542364838094, 0.004611328915553399, 0]","[0.3, 0.2943281240595095, 0.26272191596876715, 0.2957558541256558, 0.27628449429203217, 0.2937557077353258, 0.28848722573992297, 0.2813921990741339, 0.27964599090532516, 0.29423907046338305, 0.28580158907827913, 0.2782296989473484, 0.282305415801239, 0.2968214377049935, 0.29213538784428705, 0.28237176447605783, 0.28142055501699176, 0.28856617825613134, 0.2690649491715889, 0.29164217143705695, 0.3]",20,0.04
"[0, 0.05, 0.1, 0.15000000000000002, 0.2, 0.25, 0.30000000000000004, 0.35000000000000003, 0.4, 0.45, 0.5, 0.55, 0.6000000000000001, 0.65, 0.7000000000000001, 0.75, 0.8, 0.8500000000000001, 0.9, 0.9500000000000001, 1]","[0, 0.018812150056223748, 0.0025945306476656783, 0.01636282226405911, 0.011131219771302936, 0.010229950139581124, 0.009530862920867413, 0.008065627830471902, 0.023168029007911605, 0.012824269059220126, 0.003026347659097084, 0.0030672786647294894, 0.009614544925740166, 0.0035245736355955827, 0.024043261580060673, 0.002548435416756778, 0.002843733296486515, 0.037581389901149155, 0.007467274855418764, 0.03931751608065826, 0]","[0.3, 0.26661350997256433, 0.2733931730388827, 0.27779070877879486, 0.29254846520053496, 0.28045444743514736, 0.2724769931194271, 0.2958618679213358, 0.29778197982666954, 0.29670468698360014, 0.27835388045308984, 0.29738639184535054, 0.28309394607661253, 0.29321387400599025, 0.2638851662021172, 0.2719120362490099, 0.2658265160913108, 0.2998236626508667, 0.29236118831629454, 0.2787906871025445, 0.3]",20,0.04
"[0, 0.05, 0.1, 0.15000000000000002, 0.2, 0.25, 0.30000000000000004, 0.35000000000000003, 0.4, 0.45, 0.5, 0.55, 0.6000000000000001, 0.65, 0.7000000000000001, 0.75, 0.8, 0.8500000000000001, 0.9, 0.9500000000000001, 1]","[0, 0.014026238688814372, 0.016884276458435137, 0.013217648470777625, 0.036585385252932937, 0.00815236538491265, 0.008831053271987974, 0.005131264239719839, 0.011092023069101571, 0.017618879962183972, 0.0009287931157415264, 0.006706895076655624, 0.004252416674451851, 0.010301899710578866, 0.0165779295138596, 0.018028192496239045, 0.028998723480589225, 0.025260999199983793, 0.03437644871377691, 0.0078982668231375, 0]","[0.3, 0.28888926777555063, 0.29774312512466194, 0.28295916033313273, 0.2827645912164742, 0.2852860037070498, 0.2982536020838128, 0.27896515863968896, 0.27609366986348843, 0.28161542302758935, 0.29645653678145967, 0.28530781455339294, 0.29479998007534747, 0.2607152966124976, 0.28539139037641303, 0.2838141891180813, 0.27453741152776484, 0.2778724351983551, 0.2981459264547576, 0.2693581273842585, 0.3]",20,0.04
"[0, 0.05, 0.1, 0.15000000000000002, 0.2, 0.25, 0.30000000000000004, 0.35000000000000003, 0.4, 0.45, 0.5, 0.55, 0.6000000000000001, 0.65, 0.7000000000000001, 0.75, 0.8, 0.8500000000000001, 0.9, 0.9500000000000001, 1]","[0, 0.012063286946577594, 0.012870997108221705, 0.032481554636972616, 0.03685060418211638, 0.012371553648706514, 0.021186266758620884, 0.021999789406350154, 0.024183712578612248, 0.0206265302691566, 0.021936878790936726, 0.004633779861626506, 0.013787401770376007, 0.01963897312652929, 0.019072705735253676, 0.0055346684230137555, 0.01950812603984523, 0.015768643033054922, 0.004405366965859794, 0.003932900291482082, 0]","[0.3, 0.2895523465065387, 0.288267318757949, 0.2967549194531625, 0.2637420850935856, 0.28047642033176773, 0.288709926656629, 0.28541420014247004, 0.2835130990850276, 0.27752577531223344, 0.2998923664585516, 0.29502815402955773, 0.29151148145731026, 0.28478963988930905, 0.26827144188432367, 0.292451288178171, 0.27377273338571834, 0.28856086901392397, 0.297739156413667, 0.28251254530016023, 0.3]",20,0.04
"[0, 0.1, 0.2, 0.30000000000000004, 0.4, 0.5, 0.6000000000000001, 0.7000000000000001, 0.8, 0.9, 1]","[0, 0.018471725078249346, 0.0013651762583710148, 0.024636243044962293, 0.009891563357587469, 0.04920295670156448, 0.004542053541199009, 0.013279255605869168, 0.004649200929443387, 0.004328705106631437, 0]","[0.3, 0.2891712389761671, 0.26189078484080397, 0.2970459074127206, 0.29829663802052386, 0.2846560616498314, 0.2860618461421491, 0.2896021301395404, 0.25008489813185, 0.2749608508649353, 0.3]",10,0.05
"[0, 0.1, 0.2, 0.30000000000000004, 0.4, 0.5, 0.6000000000000001, 0.7000000000000001, 0.8, 0.9, 1]","[0, 0.012538845842828023, 0.01350551335209464, 0.0006044278009590232, 0.043994329400773816, 0.0021299780393901403, 0.04681300389215747, 0.0007976913882886794, 0.004228061332981198, 0.020972496936107157, 0]","[0.3, 0.26655093663217155, 0.2965187238445624, 0.2924518976705188, 0.25036033772755156, 0.2932334970389581, 0.2986427626788793, 0.26786466523678965, 0.294892330858133, 0.29772159874018134, 0.3]",10,0.05
"[0, 0.1, 0.2, 0.30000000000000004, 0.4, 0.5, 0.6000000000000001, 0.7000000000000001, 0.8, 0.9, 1]","[0, 0.01841714913197807, 0.002421359640930082, 0.049001261845575884, 0.007559165760929205, 0.020547018334227913, 0.003040715296064184, 0.012596760658803136, 0.02932769266578907, 0.014505320913741166, 0]","[0.3, 0.2983345384665966, 0.2964638213462078, 0.2971136730543945, 0.2941869419670076, 0.2810161777691814, 0.27506734277583883, 0.2895112540297712, 0.2504012360215018, 0.2812754204338592, 0.3]",10,0.05
"[0, 0.1, 0.2, 0.30000000000000004, 0.4, 0.5, 0.6000000000000001, 0.7000000000000001, 0.8, 0.9, 1]","[0, 0.014795457107468041, 0.005999953566838501, 0.0021079786840255132, 0.03557371125969066, 0.010813048987084285, 0.0023131088090987072, 0.000718771530478135, 0.0472252747062532, 0.0014746973773143825, 0]","[0.3, 0.29724456092236895, 0.25094941398679727, 0.26341171313240297, 0.2767128959502097, 0.2731499373038445, 0.2826442464044471, 0.29284866010816385, 0.2691158281239449, 0.2969502267674625, 0.3]",10,0.05
"[0, 0.1, 0.2, 0.30000000000000004, 0.4, 0.5, 0.6000000000000001, 0.7000000000000001, 0.8, 0.9, 1]","[0, 0.02353247307460092, 0.04664026529257581, 0.0023778751961990143, 0.04275690436028962, 0.007788455911542197, 0.02150782654606098, 0.038907346892961714, 0.008609760191350364, 0.006898343917820682, 0]","[0.3, 0.2941515583333396, 0.2528066889476678, 0.28930252115328164, 0.27156625375048976, 0.2983159655741475, 0.29399867631877385, 0.2987425275585181, 0.2992270925785241, 0.294609329868934, 0.3]",10,0.05
"[0, 0.1, 0.2, 0.30000000000000004, 0.4, 0.5, 0.6000000000000001, 0.7000000000000001, 0.8, 0.9, 1]","[0, 0.0004698012190606338, 0.04927353878843932, 0.004231159838741005, 0.02220490769324467, 0.016344742890226496, 0.0236524183205094, 0.007313192735442248, 0.0005832816466150415, 0.03679313609081905, 0]","[0.3, 0.28657986410048986, 0.2828695754596716, 0.26354350531506815, 0.2966448879245384, 0.2981310678279031, 0.29146596722736423, 0.2985079539061295, 0.2510270225688652, 0.2905377984319992, 0.3]",10,0.05
"[0, 0.1, 0.2, 0.30000000000000004, 0.4, 0.5, 0.6000000000000001, 0.7000000000000001, 0.8, 0.9, 1]","[0, 0.0022197974106750117, 0.005803568221649436, 0.0036270916482747276, 0.005458576361906987, 0.0070039249446357645, 0.022914410415831688, 0.047213391041848456, 0.003145375835086656, 0.006102121875779649, 0]","[0.3, 0.2942848523631041, 0.2807273327764468, 0.2712644014324795, 0.2970880450007677, 0.25443562940204484, 0.2575840140346895, 0.26413058159649216, 0.2974060580639661, 0.2947855778067563, 0.3]",10,0.05
"[0, 0.1, 0.2, 0.30000000000000004, 0.4, 0.5, 0.6000000000000001, 0.7000000000000001, 0.8, 0.9, 1]","[0, 0.008046525431450402, 0.0013838442417771326, 0.03612407639140852, 0.0024867812875486676, 0.00803762847171376, 0.0016435639367413657, 0.0034261192547911604, 0.04930413066153155, 0.007595356160773598, 0]","[0.3, 0.25900892707831874, 0.29546337881760715, 0.2502728549729837, 0.2826000060279803, 0.27816941852220667, 0.27385745027656166, 0.29756091008210556, 0.2971818518733284, 0.2975141233604385, 0.3]",10,0.05
"[0, 0.1, 0.2, 0.30000000000000004, 0.4, 0.5, 0.6000000000000001, 0.7000000000000001, 0.8, 0.9, 1]","[0, 0.04825158590063516, 0.020255251481624895, 0.0030834421719207307, 0.016675355324781222, 0.0053560538592033365, 0.000610492975672533, 0.016210627215205366, 0.039057445728363505, 0.0050569903104911666, 0]","[0.3, 0.25390384275833705, 0.28563272536905393, 0.2893119881900603, 0.26528184674645217, 0.2990921412214693, 0.2990155615381971, 0.29000420684061823, 0.2934641841931993, 0.2933705151230911, 0.3]",10,0.05
"[0, 0.1, 0.2, 0.30000000000000004, 0.4, 0.5, 0.6000000000000001, 0.7000000000000001, 0.8, 0.9, 1]","[0, 0.013788402137360845, 0.024868940182376415, 0.0046332738881893435, 0.03547746609562127, 0.04941213440849789, 0.04333926352544718, 0.00164839946486815, 0.007665958640377963, 0.007996053422505384, 0]","[0.3, 0.28478955200913364, 0.29320725991810165, 0.2848285910390804, 0.2975145695024081, 0.2978575628594458, 0.292332024531463, 0.2966528296624672, 0.2527816200308126, 0.2857887432544566, 0.3]",10,0.05
"[0, 0.1, 0.2, 0.30000000000000004, 0.4, 0.5, 0.6000000000000001, 0.7000000000000001, 0.8, 0.9, 1]","[0, 0.01767009869218015, 0.00798685916074881, 0.006605146774134447, 0.024316099857200964, 0.003985796572834699, 0.023645976398743114, 0.04543721345085096, 0.010613063571788551, 0.018499546363053905, 0]","[0.3, 0.2965856171299685, 0.29681955553019834, 0.2523100889550965, 0.2763061058693637, 0.2980624122275671, 0.29134503149659574, 0.2911995321804819, 0.27376074215043444, 0.29217067566876675, 0.3]",10,0.05
"[0, 0.1, 0.2, 0.30000000000000004, 0.4, 0.5, 0.6000000000000001, 0.7000000000000001, 0.8, 0.9, 1]","[0, 0.010647934378117742, 0.020112938270015396, 0.011279235383078257, 0.006440408328572067, 0.015788194402765087, 0.0012152341626764874, 0.01422021795614471, 0.04953122265970619, 0.02719954073126602, 0]","[0.3, 0.2951320909910931, 0.2645010308493134, 0.27130115077450606, 0.2878269723437195, 0.2989662086323391, 0.29435429832642246, 0.285330554789368, 0.2513730450764321, 0.29768128524798676, 0.3]",10,0.05
"[0, 0.1, 0.2, 0.30000000000000004, 0.4, 0.5, 0.6000000000000001, 0.7000000000000001, 0.8, 0.9, 1]","[0, 0.013327987951170267, 0.04996443135245594, 0.016265375710130592, 0.006893618008693214, 0.004326769507717038, 0.049535966133835284, 0.0018701958639310567, 0.006830713058861848, 0.04029036806784106, 0]","[0.3, 0.29893249336883704, 0.29284115901277485, 0.2998697406177632, 0.2799202296083932, 0.29923390097867547, 0.29265897486962494, 0.29567577675266193, 0.2907814629812296, 0.25474956844777075, 0.3]",10,0.05
"[0, 0.1, 0.2, 0.30000000000000004, 0.4, 0.5, 0.6000000000000001, 0.7000000000000001, 0.8, 0.9, 1]","[0, 0.001330219347457945, 0.02069272963044605, 0.004672918172030155, 0.0025660903703991437, 0.018215859510022338, 0.007848932974840211, 0.018695690863317228, 0.020831449737037874, 0.04677038309641842, 0]","[0.3, 0.297680996731129, 0.2926212486087209, 0.2944854163472453, 0.27404991821675145, 0.2754531480120157, 0.29643239866055276, 0.25989753288351797, 0.25093232917586356, 0.29902322861458314, 0.3]",10,0.05
"[0, 0.1, 0.2, 0.30000000000000004, 0.4, 0.5, 0.6000000000000001, 0.7000000000000001, 0.8, 0.9, 1]","[0, 0.0026650381156261174, 0.01720280011529926, 0.007264306160462475, 0.003913367875051243, 0.029341248952292138, 0.009921499105078908, 0.047609085514648236, 0.003965064180183448, 0.0015735894539439911, 0]","[0.3, 0.2942317289100096, 0.29203854160269294, 0.29148846987691335, 0.29457679022070565, 0.25714551128431556, 0.2529268839440922, 0.2646375312407116, 0.28763752395029973, 0.29359448427877727, 0.3]",10,0.05
"[0, 0.1, 0.2, 0.30000000000000004, 0.4, 0.5, 0.6000000000000001, 0.7000000000000001, 0.8, 0.9, 1]","[0, 0.02638071153666783, 0.0019726220855198263, 0.020206085366315737, 0.011754609807722461, 0.01790939422536116, 0.004370399704214972, 0.03505967833863341, 0.04741712542394885, 0.010912654488020158, 0]","[0.3, 0.29216339880716885, 0.27424235892385973, 0.28920371395976374, 0.29687674979591155, 0.2995306779368149, 0.2877537896060731, 0.29044460771564407, 0.25410792792443926, 0.292716988523471, 0.3]",10,0.05
"[0, 0.1, 0.2, 0.30000000000000004, 0.4, 0.5, 0.6000000000000001, 0.7000000000000001, 0.8, 0.9, 1]","[0, 0.0048475866775255895, 0.045105562642266166, 0.0027532450975082893, 0.0018488001606812245, 0.044232365926023025, 0.0011199812586575653, 0.041738900909914535, 0.012660591168822018, 0.0008040274631673562, 0]","[0.3, 0.2527392827727279, 0.27420241870428624, 0.28841303197626367, 0.29443869150020824, 0.2916076430018851, 0.2955377286281332, 0.29712966705663807, 0.2834555459471846, 0.2841613570658674, 0.3]",10,0.05
"[0, 0.1, 0.2, 0.30000000000000004, 0.4, 0.5, 0.6000000000000001, 0.7000000000000001, 0.8, 0.9, 1]","[0, 0.0012037810223359648, 0.020320674428804267, 0.006010327499897078, 0.010042501295578238, 0.015414197783003115, 0.019638386298111606, 0.047406385273146084, 0.024080841866627862, 0.016554368758006727, 0]","[0.3, 0.2918767470769536, 0.29871685732495323, 0.28885211611990547, 0.2977559528898122, 0.27471915854582135, 0.2761986843214227, 0.25332303434849324, 0.28926605718065324, 0.29396806381822105, 0.3]",10,0.05
"[0, 0.1, 0.2, 0.30000000000000004, 0.4, 0.5, 0.6000000000000001, 0.7000000000000001, 0.8, 0.9, 1]","[0, 0.012599910664413872, 0.013562746741233296, 0.02551537468140182, 0.0012690340310726467, 0.0024472279099179484, 0.04818628701056065, 0.02467108739272065, 0.0037013924999921236, 0.016674053135604695, 0]","[0.3, 0.2535676369903126, 0.2919204633491378, 0.2970521686062635, 0.2690322882998328, 0.28844258251453286, 0.29483262032805346, 0.2999672684742213, 0.26725220691919266, 0.29842724829814665, 0.3]",10,0.05
"[0, 0.1, 0.2, 0.30000000000000004, 0.4, 0.5, 0.6000000000000001, 0.7000000000000001, 0.8, 0.9, 1]","[0, 0.01072395518628988, 0.021905962049791113, 0.019765520417199447, 0.0327678431628656, 0.007541644626989497, 0.019808511262017294, 0.04922115388469128, 0.00018424159130159268, 0.023329614873534667, 0]","[0.3, 0.29538828604461653, 0.27732343173026086, 0.296958648171904, 0.293262050645513, 0.29993222844531914, 0.2993446266291118, 0.2854399573176525, 0.2509882177237821, 0.2907722617094492, 0.3]",10,0.05
"[0, 0.05, 0.1, 0.15000000000000002, 0.2, 0.25, 0.30000000000000004, 0.35000000000000003, 0.4, 0.45, 0.5, 0.55, 0.6000000000000001, 0.65, 0.7000000000000001, 0.75, 0.8, 0.8500000000000001, 0.9, 0.9500000000000001, 1]","[0, 0.045501068460590884, 0.006861940059906525, 0.008408870157455967, 0.01483940520115753, 0.0015018939951269073, 2.2868554317473367e-05, 0.010573530548320737, 0.026696174469386238, 0.019272402507744698, 0.008844399499590677, 0.005565675731771608, 0.0014592350665950328, 0.00456719009756783, 0.009313476156907903, 0.004476917584743378, 0.04148149061231249, 0.041619148865866686, 0.012267069885627585, 0.005103385628220564, 0]","[0.3, 0.2827444062921209, 0.2931254775326714, 0.2946076061724152, 0.28515580602442536, 0.2514843819165874, 0.2999666079456733, 0.29242899661656246, 0.2650300118541411, 0.2832967130299554, 0.2683338349401188, 0.29262945551783226, 0.2974115950176685, 0.28330089136870373, 0.2773854817520118, 0.2603748334570477, 0.29567116063401516, 0.27892090318078255, 0.29578192907543155, 0.294121622024207, 0.3]",20,0.05
"[0, 0.05, 0.1, 0.15000000000000002, 0.2, 0.25, 0.30000000000000004, 0.35000000000000003, 0.4, 0.45, 0.5, 0.55, 0.6000000000000001, 0.65, 0.7000000000000001, 0.75, 0.8, 0.8500000000000001, 0.9, 0.9500000000000001, 1]","[0, 0.0066133071051965205, 0.004299401177761453, 0.016534386049570277, 0.012612974601192428, 0.03609618698480302, 0.007215533599470881, 0.013101448969859847, 0.017529787297362293, 0.022242323599524445, 0.04680665426421951, 0.011764971435947735, 0.01706660965237461, 0.010309806705096592, 0.00967979694362724, 0.006979682868302195, 0.0053357521181101935, 0.01386375338514117, 0.013331461441431892, 0.001036599608600769, 0]","[0.3, 0.293569501226059, 0.28250834492963606, 0.2521285064883445, 0.2826429361790194, 0.2982130113720996, 0.2530617117181271, 0.28099243000542573, 0.2901704000049473, 0.2655472574056748, 0.28191842487089, 0.27345093922209784, 0.271548574324395, 0.2965199485604382, 0.2994231839311494, 0.2905262502394803, 0.2907552427378243, 0.29292341201092176, 0.2958717196402233, 0.28379917971916085, 0.3]",20,0.05
"[0, 0.05, 0.1, 0.15000000000000002, 0.2, 0.25, 0.30000000000000004, 0.35000000000000003, 0.4, 0.45, 0.5, 0.55, 0.6000000000000001, 0.65, 0.7000000000000001, 0.75, 0.8, 0.8500000000000001, 0.9, 0.9500000000000001, 1]","[0, 0.016784212411015426, 0.015655435924253943, 0.0033213829063764525, 0.012365247378813372, 0.005572865785806858, 0.006519942318834588, 0.006784394291869961, 0.0016555446529608886, 0.012622654160598108, 0.0011895679944753214, 0.047455922761261794, 0.005852545298771739, 0.0312923339676801, 0.015858680136016757, 0.022436050037614827, 0.021437239655058216, 0.0023471960114365034, 0.0443806880358687, 0.008175566642893001, 0]","[0.3, 0.296668544961604, 0.2929107060689222, 0.29559721616149087, 0.2904597896615506, 0.2504639619157924, 0.2852967034707857, 0.2972243990300619, 0.2972915628921115, 0.29997108116878773, 0.2571176736073611, 0.2949590162907738, 0.285042118911627, 0.270780213789501, 0.2547995765968212, 0.28132003044774206, 0.2846408295505284, 0.276623544000994, 0.2837993714761658, 0.2843448619399721, 0.3]",20,0.05
"[0, 0.05, 0.1, 0.15000000000000002, 0.2, 0.25, 0.30000000000000004, 0.35000000000000003, 0.4, 0.45, 0.5, 0.55, 0.6000000000000001, 0.65, 0.7000000000000001, 0.75, 0.8, 0.8500000000000001, 0.9, 0.9500000000000001, 1]","[0, 0.008807959304341546, 0.029409966667294882, 0.04548559327234303, 0.014058820661321676, 0.004635967830539311, 0.0005200122243382898, 0.035089942742583556, 0.010843192503822114, 0.020412231174015097, 0.009826338518932599, 0.03701330039518968, 0.0026554221340776675, 0.010809481367626462, 0.030863266142088758, 0.010170290267462162, 0.014839245467248725, 0.028588271300451464, 0.008648917370277892, 0.0028427083546407, 0]","[0.3, 0.2953767722932384, 0.2873484117638139, 0.27926403836151187, 0.2526076430699703, 0.29999748145927474, 0.296519843130798, 0.2968113486657213, 0.29203930107545495, 0.2953644097171511, 0.2887507139557298, 0.2736770980749988, 0.2826868527683494, 0.2946290951552229, 0.27312968833817053, 0.29036743917180957, 0.2925449377708844, 0.29997723934210624, 0.264095737795444, 0.27632681455584834, 0.3]",20,0.05
"[0, 0.05, 0.1, 0.15000000000000002, 0.2, 0.25, 0.30000000000000004, 0.35000000000000003, 0.4, 0.45, 0.5, 0.55, 0.6000000000000001, 0.65, 0.7000000000000001, 0.75, 0.8, 0.8500000000000001, 0.9, 0.9500000000000001, 1]","[0, 0.009842477022462881, 0.03320182361249951, 0.002203287448596203, 0.007987520205251513, 0.012386857704814243, 0.0445550391651389, 0.004635263376076205, 0.0422855853061504, 0.013272722326385617, 0.011583733268737502, 0.01807996238839158, 0.0004610678020872561, 0.03192972002566374, 0.036895797323801015, 0.045852183141285245, 0.02092122696692038, 0.0011775432101323868, 0.02622234243267086, 0.00019819352670964464, 0]","[0.3, 0.2950177302785524, 0.2969089847383934, 0.27545304656922115, 0.28363477299543355, 0.28551996824949843, 0.29510893959766493, 0.297254703498363, 0.29864255361745495, 0.2548206342731, 0.2983021215416024, 0.29200084087451206, 0.261657481644443, 0.29114958517155815, 0.29682034896433607, 0.28793535854284896, 0.2699734986365004, 0.29849861347297174, 0.2893556446314032, 0.2895399933394034, 0.3]",20,0.05
"[0, 0.05, 0.1, 0.15000000000000002, 0.2, 0.25, 0.30000000000000004, 0.35000000000000003, 0.4, 0.45, 0.5, 0.55, 0.6000000000000001, 0.65, 0.7000000000000001, 0.75, 0.8, 0.8500000000000001, 0.9, 0.9500000000000001, 1]","[0, 0.02425353552198728, 0.005142268823497654, 0.008407649751537382, 0.02982414505472914, 0.027814784366986485, 0.0014864286527473958, 0.00347516900671489, 0.013714354707071469, 0.00273688566806638, 0.02196010545470069, 0.007366544629572341, 0.008621173226215034, 0.0040773224929055605, 0.019139559263870506, 0.0459792367551137, 0.0029469990225971356, 0.01274950418553224, 0.03164875209891695, 0.009955557707826107, 0]","[0.3, 0.2692191054695579, 0.29480464976411624, 0.29073521558544807, 0.28198570358126107, 0.25647915496096085, 0.2547961130397667, 0.2966688000283907, 0.27941413507001567, 0.29574594157949147, 0.2938426961043576, 0.2823109044642744, 0.29378675107629004, 0.2971379448116853, 0.29725569664369367, 0.29876704260545833, 0.2701609077785995, 0.29102884704855314, 0.27562835560208465, 0.2726017109800407, 0.3]",20,0.05
"[0, 0.05, 0.1, 0.15000000000000002, 0.2, 0.25, 0.30000000000000004, 0.35000000000000003, 0.4, 0.45, 0.5, 0.55, 0.6000000000000001, 0.65, 0.7000000000000001, 0.75, 0.8, 0.8500000000000001, 0.9, 0.9500000000000001, 1]","[0, 0.0014492928086581591, 0.0076536584696678235, 0.009496205886453696, 0.01596864735475313, 0.004053614541957263, 0.01946000328786431, 0.019693254241461972, 0.014484610891447636, 0.0027916127340606393, 0.014883567997202841, 0.003025651673385799, 0.0035038025258096964, 0.0470753607006853, 0.0015509220055385466, 0.04760201743843021, 0.036953281601901075, 0.019898101249238295, 0.018919111129226607, 0.02011297854882744, 0]","[0.3, 0.2995031348976466, 0.297065053605728, 0.2998406442430449, 0.26083987909391626, 0.2624588218496048, 0.293511012632052, 0.2660375367325252, 0.29319133951889276, 0.29828108233816036, 0.28585876681462913, 0.2887023787379579, 0.2940727569240439, 0.283769191308524, 0.2603660147009435, 0.2899978922187768, 0.2873848335624059, 0.2977965779878257, 0.2500588376324262, 0.2940642961546452, 0.3]",20,0.05
"[0, 0.05, 0.1, 0.15000000000000002, 0.2, 0.25, 0.30000000000000004, 0.35000000000000003, 0.4, 0.45, 0.5, 0.55, 0.6000000000000001, 0.65, 0.7000000000000001, 0.75, 0.8, 0.8500000000000001, 0.9, 0.9500000000000001, 1]","[0, 0.0005287558183560526, 0.0061518289653063555, 0.003626569715070294, 0.008189578729419578, 0.046502624828745565, 0.008415117533101896, 0.04220652512865625, 0.022832360037096183, 0.004010470227225971, 0.02524811142109509, 0.007180145628172469, 0.0003921631071950538, 0.002187394395319786, 0.026634174721912287, 0.0011127274017677213, 0.02021708486537137, 0.006386726324865361, 0.03404651014631257, 0.01449526292583358, 0]","[0.3, 0.2712579724767577, 0.2917189184063846, 0.2787438723092538, 0.28499588339089715, 0.28109032280189833, 0.2991304668910472, 0.29216180424247623, 0.29968241119499384, 0.27614983854908937, 0.2884261384395287, 0.2904758294588166, 0.2529488319253072, 0.29946358408873647, 0.27771115583007083, 0.2643129389252135, 0.27458489697794575, 0.295174878337768, 0.2732411567150778, 0.29379886345337963, 0.3]",20,0.05
"[0, 0.05, 0.1, 0.15000000000000002, 0.2, 0.25, 0.30000000000000004, 0.35000000000000003, 0.4, 0.45, 0.5, 0.55, 0.6000000000000001, 0.65, 0.7000000000000001, 0.75, 0.8, 0.8500000000000001, 0.9, 0.9500000000000001, 1]","[0, 0.0010415095771790894, 0.03129363167013851, 0.0005199612422932875, 0.0101612306284254, 0.0017894549880543287, 0.04624897948518573, 0.02471860166559184, 0.04126095527363571, 0.024012403849966637, 0.010124899672258759, 0.006671740365343282, 0.04182276116916526, 0.0006114381416640335, 0.01472993628708763, 0.04522518308078004, 0.003238278032971331, 0.02008439786775337, 0.016696393908060752, 0.004335004640417539, 0]","[0.3, 0.2867631735974532, 0.2936516534033931, 0.27346907499269457, 0.2975417073127825, 0.27234194145660734, 0.290689663425758, 0.27149718819339635, 0.2997408208585351, 0.287125449386436, 0.2932012680905052, 0.2901454489987596, 0.29183409008394273, 0.2525543776128586, 0.2927918923235657, 0.27550267136423845, 0.29705791693893396, 0.29252890052036773, 0.27936574234822625, 0.29961431307371583, 0.3]",20,0.05
"[0, 0.05, 0.1, 0.15000000000000002, 0.2, 0.25, 0.30000000000000004, 0.35000000000000003, 0.4, 0.45, 0.5, 0.55, 0.6000000000000001, 0.65, 0.7000000000000001, 0.75, 0.8, 0.8500000000000001, 0.9, 0.9500000000000001, 1]","[0, 0.03714607699498713, 0.01900801427789769, 0.005531268429167147, 0.0037204364473002573, 0.002493347999202994, 0.0034946730384560532, 0.0008775202288407891, 0.00030036686091627354, 0.047673815828344124, 0.02375926186817889, 0.017904698902051496, 0.002693100743070781, 0.021713613270618805, 0.01110518702853443, 0.006235035308113562, 0.005916784539235099, 0.012961896688144708, 0.0003807442365571179, 0.005438472062176358, 0]","[0.3, 0.29403294184849704, 0.2911890762393376, 0.2536002282288424, 0.260375942804298, 0.2676221641316296, 0.2935865065316783, 0.2951514041873649, 0.2637103784906908, 0.2789660392583877, 0.287570235122221, 0.2768844086588867, 0.2896806322770525, 0.29635996717911217, 0.29720863978237927, 0.2724945177043915, 0.29419912744808496, 0.27314181594611925, 0.29355763249007605, 0.273207831281409, 0.3]",20,0.05
"[0, 0.05, 0.1, 0.15000000000000002, 0.2, 0.25, 0.30000000000000004, 0.35000000000000003, 0.4, 0.45, 0.5, 0.55, 0.6000000000000001, 0.65, 0.7000000000000001, 0.75, 0.8, 0.8500000000000001, 0.9, 0.9500000000000001, 1]","[0, 0.006461498291857171, 0.006147915725203196, 0.0006978683940363772, 0.003214066504635893, 0.014862272430267227, 0.01523640926580207, 0.032303797166025425, 0.0020840668851353386, 0.017941920572569176, 0.00614865601260694, 0.04889986456095978, 0.000991931156868453, 0.0017378365378497797, 0.024062603581151438, 0.01661187978115396, 0.01795635760732438, 0.019246714356017942, 0.003107828940147389, 0.004437430920937874, 0]","[0.3, 0.2679436310712348, 0.2507693639192715, 0.27701261997757015, 0.28692594314475606, 0.27914660168686967, 0.2898959050507584, 0.2922070184209721, 0.2913891320351788, 0.29902403899512714, 0.2780793830430758, 0.2682765665506981, 0.2869768520155199, 0.2816005181886178, 0.26038348204103373, 0.28063189126777754, 0.29689990733024396, 0.2963390486872915, 0.2889826786845439, 0.274650794388837, 0.3]",20,0.05
"[0, 0.05, 0.1, 0.15000000000000002, 0.2, 0.25, 0.30000000000000004, 0.35000000000000003, 0.4, 0.45, 0.5, 0.55, 0.6000000000000001, 0.65, 0.7000000000000001, 0.75, 0.8, 0.8500000000000001, 0.9, 0.9500000000000001, 1]","[0, 0.02893169012544965, 0.004489846087615823, 0.004520001563735915, 0.010513826384288438, 0.0059668841421492876, 0.008618882427202374, 0.004090219071211115, 0.007844085645642119, 0.010540016060853918, 0.024684190109439785, 0.04511386755732255, 0.0019274690331160472, 0.018778769207713843, 0.037647747506427805, 0.004906051207181562, 0.026295304339345977, 0.0111634709149049, 0.009132690783320125, 0.0041702705223086, 0]","[0.3, 0.28651131207191516, 0.25094592502389634, 0.29759852694532846, 0.2748880548319867, 0.2915403965464456, 0.2777362699522647, 0.28077809716626323, 0.2551038010354285, 0.2763398491824738, 0.2749737796462794, 0.2921526144895987, 0.27045175018304635, 0.27087711951689375, 0.29245902372910487, 0.29587881573050473, 0.29329512391587986, 0.2907111998362032, 0.2926407002500901, 0.2999156187310759, 0.3]",20,0.05
"[0, 0.05, 0.1, 0.15000000000000002, 0.2, 0.25, 0.30000000000000004, 0.35000000000000003, 0.4, 0.45, 0.5, 0.55, 0.6000000000000001, 0.65, 0.7000000000000001, 0.75, 0.8, 0.8500000000000001, 0.9, 0.9500000000000001, 1]","[0, 0.006629155955613142, 0.008299834376946374, 0.030911627917414128, 0.016922831013632834, 0.036560192353152485, 0.019178050783216896, 0.02373900146847537, 0.002812235493351911, 0.013302654823546861, 0.0034860582105253283, 0.04917056170534649, 0.00693520706922654, 0.015600299975566162, 0.003852554897275379, 0.024708270529616105, 0.03534254570505482, 0.0011529185736270265, 0.019108739067910902, 0.022164476228217628, 0]","[0.3, 0.274016546034473, 0.28261537250121954, 0.2799938596925992, 0.2847042881732251, 0.29608429089366256, 0.2974878318229025, 0.2934386734034631, 0.28380960372813396, 0.27921615095346836, 0.29578415816182335, 0.2939521333848812, 0.29400769220025413, 0.26864725357751096, 0.25343976198346435, 0.29463819571464056, 0.29776728970307836, 0.2879408502758925, 0.29290470425734005, 0.29800425939411007, 0.3]",20,0.05
"[0, 0.05, 0.1, 0.15000000000000002, 0.2, 0.25, 0.30000000000000004, 0.35000000000000003, 0.4, 0.45, 0.5, 0.55, 0.6000000000000001, 0.65, 0.7000000000000001, 0.75, 0.8, 0.8500000000000001, 0.9, 0.9500000000000001, 1]","[0, 0.037653121416191336, 0.01125611612780645, 0.031527833893037614, 0.02731071254219146, 0.014286019954937196, 0.0026133784703250896, 0.018510404199135532, 0.011168275366517334, 0.004003214971938685, 0.031904706610336835, 0.00030068469268026976, 0.03476905742776732, 0.04979834704749636, 0.012874034817052155, 0.002971435501458858, 0.005002072878364844, 0.015159095091896436, 0.03191759921853237, 0.004219493841064576, 0]","[0.3, 0.2940078369884362, 0.2525585310961586, 0.29869835484617496, 0.29867519658155206, 0.2944925080978799, 0.29115816579658216, 0.29749210634350376, 0.28421835720430266, 0.2803277029883135, 0.2976436296600566, 0.28900340520200224, 0.27735882033864123, 0.29635796735141784, 0.28528672233620084, 0.2522862592840126, 0.2942398736346605, 0.2985071301190924, 0.27647844468786476, 0.28346618644414623, 0.3]",20,0.05
"[0, 0.05, 0.1, 0.15000000000000002, 0.2, 0.25, 0.30000000000000004, 0.35000000000000003, 0.4, 0.45, 0.5, 0.55, 0.6000000000000001, 0.65, 0.7000000000000001, 0.75, 0.8, 0.8500000000000001, 0.9, 0.9500000000000001, 1]","[0, 0.026536566640106837, 0.023445064795250183, 0.015001185996447682, 0.02958857261210958, 0.001751790355897437, 0.010297454136033835, 0.04251401126835003, 0.03193432003660691, 0.0070140209683798365, 0.03750361787622425, 0.021327692561281687, 0.014943139412996699, 0.049194533722364125, 0.0006489278355021112, 0.003518397596426537, 0.04329945003302804, 0.0013127662183281263, 0.008698433415422164, 0.02495547355262444, 0]","[0.3, 0.2948634910387308, 0.2883214988543873, 0.28038102038571855, 0.2978080971667749, 0.2943027610517413, 0.29432821127509706, 0.2983915677766453, 0.29896541734218157, 0.2851654185400829, 0.2840261724694721, 0.294750576309957, 0.2514878554436829, 0.2885610245344082, 0.2989017240844583, 0.29806551428390643, 0.297223444142138, 0.29335338755033213, 0.2886979900378443, 0.2817273950126764, 0.3]",20,0.05
"[0, 0.05, 0.1, 0.15000000000000002, 0.2, 0.25, 0.30000000000000004, 0.35000000000000003, 0.4, 0.45, 0.5, 0.55, 0.6000000000000001, 0.65, 0.7000000000000001, 0.75, 0.8, 0.8500000000000001, 0.9, 0.9500000000000001, 1]","[0, 0.00907788964337169, 0.048186139519179626, 0.006299019536169265, 0.002932895825290627, 0.04616658625405744, 0.031780340990165856, 0.013997502703197301, 0.011008509611217627, 0.005366641890830143, 0.0013904570095329583, 0.0008023249335101069, 0.010068433267570554, 0.006861264829893282, 0.007150334954665688, 0.004997796691100065, 0.003604975652760495, 0.006155620585803368, 0.03665996048298362, 0.012774338918936468, 0]","[0.3, 0.2582020488462048, 0.2573782099661412, 0.2883304871994056, 0.2854536289453482, 0.29219462394040124, 0.29043208790593594, 0.2963451712253344, 0.29364728223036435, 0.288166765475832, 0.29277245977882554, 0.2636445114499379, 0.2923072241857027, 0.2523801147034612, 0.28070076396027477, 0.2978999425871422, 0.2663693412898751, 0.2818679513907165, 0.28284290258772143, 0.29748935410839566, 0.3]",20,0.05
"[0, 0.05, 0.1, 0.15000000000000002, 0.2, 0.25, 0.30000000000000004, 0.35000000000000003, 0.4, 0.45, 0.5, 0.55, 0.6000000000000001, 0.65, 0.7000000000000001, 0.75, 0.8, 0.8500000000000001, 0.9, 0.9500000000000001, 1]","[0, 0.021639731048183876, 0.009535321989394059, 0.012203175281786266, 0.007254698670034532, 0.006959080911108429, 0.036928186193915614, 0.0016412643155518326, 0.00792010422289592, 0.009262685990080283, 0.004759562886511215, 0.01877191039602163, 0.0026962299208686535, 0.04835697320876692, 0.0070948656028589465, 0.00826217728618161, 0.04259529380949663, 0.014201072441863007, 0.0014459577067087671, 0.04205831535268751, 0]","[0.3, 0.29753327990524814, 0.29319543415375493, 0.285593669585547, 0.28499751169312554, 0.2805579853216059, 0.27979522690015896, 0.28410980998641994, 0.26479226010673934, 0.299821682626939, 0.288030592903879, 0.2825112433863114, 0.29709931556178915, 0.27360683809637376, 0.2932669866501675, 0.29441712456785907, 0.2945146446070041, 0.2517872980379987, 0.2749914782806985, 0.29524950023587204, 0.3]",20,0.05
"[0, 0.05, 0.1, 0.15000000000000002, 0.2, 0.25, 0.30000000000000004, 0.35000000000000003, 0.4, 0.45, 0.5, 0.55, 0.6000000000000001, 0.65, 0.7000000000000001, 0.75, 0.8, 0.8500000000000001, 0.9, 0.9500000000000001, 1]","[0, 0.007207303290330397, 0.04816005843132536, 0.0007587832728391087, 0.019352171784518302, 0.04210730715975834, 0.009579237657602747, 0.011343832084765977, 0.02207081599582704, 0.019702142808107254, 0.013001983923754668, 0.02649251628002825, 0.019082022013854123, 0.00022581893369992835, 0.019018500963837844, 0.0007084784375342491, 0.0002735402846861801, 0.0022400465368208, 0.03356672228927777, 0.00594253214558963, 0]","[0.3, 0.2965334876943475, 0.2747700674220182, 0.2887626009757764, 0.2819412484391901, 0.2932055970953058, 0.28555468559271724, 0.2883544508185309, 0.2946876747099795, 0.27068920025531334, 0.2533903500001793, 0.29574672856312084, 0.288372441287226, 0.273984701203313, 0.2984637527829327, 0.2542016175254851, 0.28928294320239956, 0.2912555656430181, 0.2635115667946797, 0.29918508794977433, 0.3]",20,0.05
"[0, 0.05, 0.1, 0.15000000000000002, 0.2, 0.25, 0.30000000000000004, 0.35000000000000003, 0.4, 0.45, 0.5, 0.55, 0.6000000000000001, 0.65, 0.7000000000000001, 0.75, 0.8, 0.8500000000000001, 0.9, 0.9500000000000001, 1]","[0, 0.012916716474095941, 0.015255462552072092, 0.009831375958992923, 0.00926472271952572, 0.01058706637491872, 0.0051603254186000985, 0.010491175156109018, 0.04846466733431367, 0.023334171370025483, 0.0196000349488666, 0.0015935441987114053, 0.001820637731955116, 0.005410641506859271, 0.003535866028292184, 0.0007834375219901157, 0.04561943880394667, 0.03555971868327503, 0.04004908442054566, 0.039531461145507325, 0]","[0.3, 0.2978023155125542, 0.252098181136266, 0.29349647823939373, 0.2968051135634713, 0.2941294278598792, 0.2981056135693802, 0.28681197226751093, 0.29005219073179556, 0.28675362779054897, 0.26650283354939697, 0.2970471902964614, 0.28194771983878525, 0.2886819442495586, 0.28975132344540677, 0.2506946661405223, 0.29332684210242926, 0.2985301304921622, 0.2703113291543597, 0.29929355127291135, 0.3]",20,0.05
"[0, 0.05, 0.1, 0.15000000000000002, 0.2, 0.25, 0.30000000000000004, 0.35000000000000003, 0.4, 0.45, 0.5, 0.55, 0.6000000000000001, 0.65, 0.7000000000000001, 0.75, 0.8, 0.8500000000000001, 0.9, 0.9500000000000001, 1]","[0, 0.012092433246574153, 0.004521705420443956, 0.049362790497805495, 0.046566009607696635, 0.007228699274578799, 0.011672944641694378, 0.001800455683347585, 0.010064707507780313, 0.008291047887178228, 0.022722203158721727, 0.008010928169998604, 0.03121423908808653, 0.017534452536409006, 0.013667666988422473, 0.026782069476606853, 0.012115883258380778, 0.01679203416474471, 0.009924226643143415, 0.001955204971199803, 0]","[0.3, 0.29150636802155316, 0.26079214371085824, 0.2992620680910257, 0.27157469387109406, 0.2972266843489094, 0.2949031481802378, 0.2911929665773049, 0.29688681852924764, 0.28397892841431166, 0.2912479379642372, 0.2879809238759601, 0.25477150975442897, 0.28741799547020735, 0.28963749608937056, 0.2914473567912923, 0.25541438810867234, 0.29037094729619023, 0.2848091031624543, 0.29507543221346577, 0.3]",20,0.05
